<?xml version="1.0" encoding="utf-8" standalone="yes"?><rss version="2.0" xmlns:atom="http://www.w3.org/2005/Atom"><channel><title>Arranging communication on Architectural Metapatterns</title><link>https://metapatterns.io/foundations-of-software-architecture/arranging-communication/</link><description>Recent content in Arranging communication on Architectural Metapatterns</description><generator>Hugo</generator><language>en-us</language><atom:link href="https://metapatterns.io/foundations-of-software-architecture/arranging-communication/index.xml" rel="self" type="application/rss+xml"/><item><title>Programming and architectural paradigms</title><link>https://metapatterns.io/foundations-of-software-architecture/arranging-communication/programming-and-architectural-paradigms/</link><pubDate>Mon, 01 Jan 0001 00:00:00 +0000</pubDate><guid>https://metapatterns.io/foundations-of-software-architecture/arranging-communication/programming-and-architectural-paradigms/</guid><description>&lt;h1 id="programming-and-architectural-paradigms"&gt;Programming and architectural paradigms&lt;/h1&gt;
&lt;p&gt;Sharing a database is the greatest sin when you architect &lt;a href="https://metapatterns.io/basic-metapatterns/services/#microservices"&gt;&lt;em&gt;Microservices&lt;/em&gt;&lt;/a&gt; yet &lt;a href="https://metapatterns.io/implementation-metapatterns/mesh/#space-based-architecture"&gt;&lt;em&gt;Space-Based Architecture&lt;/em&gt;&lt;/a&gt; is built around shared data. How do these approaches coexist? Do &lt;em&gt;Microservices&lt;/em&gt; make any sense if blatantly violating their rules still results in successful projects?&lt;/p&gt;
&lt;p&gt;Another programming paradox holds a clue. There was C. Then there came C++ to kill C. Then we’ve got Rust to kill C++. Now we have C, C++, and Rust, all of them alive and kickin’.&lt;/p&gt;</description></item><item><title>Orchestration</title><link>https://metapatterns.io/foundations-of-software-architecture/arranging-communication/orchestration/</link><pubDate>Mon, 01 Jan 0001 00:00:00 +0000</pubDate><guid>https://metapatterns.io/foundations-of-software-architecture/arranging-communication/orchestration/</guid><description>&lt;h1 id="orchestration"&gt;Orchestration&lt;/h1&gt;
&lt;p&gt;The most straightforward way to integrate services is to add a coordinating layer (&lt;a href="https://metapatterns.io/extension-metapatterns/orchestrator/"&gt;&lt;em&gt;Orchestrator&lt;/em&gt;&lt;/a&gt;) on top of them:&lt;/p&gt;
&lt;figure&gt;
&lt;a href="https://metapatterns.io/diagrams/Communication/Services%20to%20Orchestrator.png"&gt;
&lt;picture&gt;
&lt;source srcset="https://metapatterns.io/diagrams/Communication/Services%20to%20Orchestrator.svg" media="(prefers-color-scheme: light)"/&gt;
&lt;source srcset="https://metapatterns.io/diagrams/Communication/Services%20to%20Orchestrator.dark.svg" media="(prefers-color-scheme: dark)"/&gt;
&lt;img src="https://metapatterns.io/diagrams/Communication/Services%20to%20Orchestrator.png" alt="Services to Orchestrator" loading="lazy" width="1063" height="293" style="width:100%"/&gt;
&lt;/picture&gt;
&lt;/a&gt;
&lt;/figure&gt;
&lt;p&gt;The good thing is that your &lt;em&gt;Orchestrator&lt;/em&gt; has explicit code for every use case it covers and every running scenario gets an associated thread, coroutine, or object so that you are able to attach to the &lt;em&gt;Orchestrator&lt;/em&gt; and debug any use case step by step. Nor do you have to worry about keeping the state of the services consistent as they are passive with all the changes in the system being driven by the &lt;em&gt;Orchestrator&lt;/em&gt;.&lt;/p&gt;</description></item><item><title>Choreography</title><link>https://metapatterns.io/foundations-of-software-architecture/arranging-communication/choreography/</link><pubDate>Mon, 01 Jan 0001 00:00:00 +0000</pubDate><guid>https://metapatterns.io/foundations-of-software-architecture/arranging-communication/choreography/</guid><description>&lt;h1 id="choreography"&gt;Choreography&lt;/h1&gt;
&lt;p&gt;Another integration option is to build a &lt;a href="https://metapatterns.io/basic-metapatterns/pipeline/"&gt;&lt;em&gt;Pipeline&lt;/em&gt;&lt;/a&gt; to pass every client’s request through a chain of components:&lt;/p&gt;
&lt;figure&gt;
&lt;a href="https://metapatterns.io/diagrams/Communication/Services%20to%20Pipeline.png"&gt;
&lt;picture&gt;
&lt;source srcset="https://metapatterns.io/diagrams/Communication/Services%20to%20Pipeline.svg" media="(prefers-color-scheme: light)"/&gt;
&lt;source srcset="https://metapatterns.io/diagrams/Communication/Services%20to%20Pipeline.dark.svg" media="(prefers-color-scheme: dark)"/&gt;
&lt;img src="https://metapatterns.io/diagrams/Communication/Services%20to%20Pipeline.png" alt="Services to Pipeline" loading="lazy" width="1063" height="223" style="width:100%"/&gt;
&lt;/picture&gt;
&lt;/a&gt;
&lt;/figure&gt;
&lt;p&gt;In that case there is no owner for &lt;em&gt;workflows&lt;/em&gt; – each request is just a data packet which is transformed multiple times as it passes through the &lt;em&gt;Pipeline&lt;/em&gt;. Debugging is mostly limited to reading logs as there is no dedicated component to connect to for single-step execution of a use case. Nor is there a single piece of code to define each of the system-wide scenarios – their logic emerges from the graph of event channels that connect services and from messages that each involved event handler sends. Consistency of the services’ states is the responsibility of the services themselves as there is none supervising them.&lt;/p&gt;</description></item><item><title>Shared data</title><link>https://metapatterns.io/foundations-of-software-architecture/arranging-communication/shared-data/</link><pubDate>Mon, 01 Jan 0001 00:00:00 +0000</pubDate><guid>https://metapatterns.io/foundations-of-software-architecture/arranging-communication/shared-data/</guid><description>&lt;h1 id="shared-data"&gt;Shared data&lt;/h1&gt;
&lt;p&gt;The final approach is integration through shared data (&lt;a href="https://metapatterns.io/extension-metapatterns/shared-repository/"&gt;&lt;em&gt;Shared Repository&lt;/em&gt;&lt;/a&gt;):&lt;/p&gt;
&lt;figure&gt;
&lt;a href="https://metapatterns.io/diagrams/Communication/Services%20to%20Shared%20Data.png"&gt;
&lt;picture&gt;
&lt;source srcset="https://metapatterns.io/diagrams/Communication/Services%20to%20Shared%20Data.svg" media="(prefers-color-scheme: light)"/&gt;
&lt;source srcset="https://metapatterns.io/diagrams/Communication/Services%20to%20Shared%20Data.dark.svg" media="(prefers-color-scheme: dark)"/&gt;
&lt;img src="https://metapatterns.io/diagrams/Communication/Services%20to%20Shared%20Data.png" alt="Services to Shared Data" loading="lazy" width="1043" height="284" style="width:100%"/&gt;
&lt;/picture&gt;
&lt;/a&gt;
&lt;/figure&gt;
&lt;p&gt;The shared data is a “blackboard” available for each service to read from and write to. It is passive (as controlled by the services) and does not contain any logic except for the data schema, which represents a part of the domain knowledge. That makes communication through shared data the antipode of &lt;a href="https://metapatterns.io/foundations-of-software-architecture/arranging-communication/orchestration/"&gt;orchestration&lt;/a&gt;, which also features a shared component, &lt;a href="https://metapatterns.io/extension-metapatterns/orchestrator/"&gt;&lt;em&gt;Orchestrator&lt;/em&gt;&lt;/a&gt;, which is, however, active (controls services) and contains business logic, not data.&lt;/p&gt;</description></item><item><title>Comparison of communication styles</title><link>https://metapatterns.io/foundations-of-software-architecture/arranging-communication/comparison-of-communication-styles/</link><pubDate>Mon, 01 Jan 0001 00:00:00 +0000</pubDate><guid>https://metapatterns.io/foundations-of-software-architecture/arranging-communication/comparison-of-communication-styles/</guid><description>&lt;h1 id="comparison-of-communication-styles"&gt;Comparison of communication styles&lt;/h1&gt;
&lt;p&gt;We have briefly discussed three approaches to communication: orchestration, choreography, and shared data. Let’s recall when it makes sense to use each of them.&lt;/p&gt;
&lt;p&gt;&lt;a href="https://metapatterns.io/foundations-of-software-architecture/arranging-communication/orchestration/"&gt;&lt;em&gt;Orchestration&lt;/em&gt;&lt;/a&gt; is built around use cases. They are easy to program and add, no matter how complex they become. Thus, if your (sub)domain is coupled, or your understanding of it is still evolving, this is the way to go, as you will be able to change the high-level logic in any imaginable way because you express it as convenient imperative code.&lt;/p&gt;</description></item></channel></rss>