<?xml version="1.0" encoding="utf-8" standalone="yes"?><rss version="2.0" xmlns:atom="http://www.w3.org/2005/Atom"><channel><title>The heart of software architecture on Architectural Metapatterns</title><link>https://metapatterns.io/analytics/the-heart-of-software-architecture/</link><description>Recent content in The heart of software architecture on Architectural Metapatterns</description><generator>Hugo</generator><language>en-us</language><atom:link href="https://metapatterns.io/analytics/the-heart-of-software-architecture/index.xml" rel="self" type="application/rss+xml"/><item><title>Cohesers and decouplers</title><link>https://metapatterns.io/analytics/the-heart-of-software-architecture/cohesers-and-decouplers/</link><pubDate>Mon, 01 Jan 0001 00:00:00 +0000</pubDate><guid>https://metapatterns.io/analytics/the-heart-of-software-architecture/cohesers-and-decouplers/</guid><description>&lt;h1 id="cohesers-and-decouplers"&gt;Cohesers and decouplers&lt;/h1&gt;
&lt;p&gt;Any project carries many constraints (&lt;em&gt;forces&lt;/em&gt;), some of which want for certain parts of its code to be kept together (&lt;em&gt;cohesive&lt;/em&gt;) while others push to have them torn apart (&lt;em&gt;decoupled&lt;/em&gt;). Their balance and the resulting optimal architecture is very fluid as each of the forces in action depends on the current circumstances, the project’s history and its expected evolution.&lt;/p&gt;
&lt;h2 id="code-structure-and-the-level-of-pain"&gt;Code structure and the level of pain&lt;a class="anchor" href="#code-structure-and-the-level-of-pain"&gt;#&lt;/a&gt;&lt;/h2&gt;
&lt;p&gt;Let’s explore how a force influences the structure of a project. Consider the &lt;em&gt;clarity of code&lt;/em&gt; which determines &lt;em&gt;development velocity&lt;/em&gt;:&lt;/p&gt;</description></item><item><title>Deconstructing patterns</title><link>https://metapatterns.io/analytics/the-heart-of-software-architecture/deconstructing-patterns/</link><pubDate>Mon, 01 Jan 0001 00:00:00 +0000</pubDate><guid>https://metapatterns.io/analytics/the-heart-of-software-architecture/deconstructing-patterns/</guid><description>&lt;h1 id="deconstructing-patterns"&gt;Deconstructing patterns&lt;/h1&gt;
&lt;p&gt;Imagine a dungeon with dragons. It is made of halls connected by tunnels. Each hall is &lt;em&gt;cohesive&lt;/em&gt;. Tunnels are narrow interfaces that &lt;em&gt;decouple&lt;/em&gt; them. A hall is amorphous – it can have any shape but it cannot open to another hall except through a tunnel – such are the rules of the game. The tunnels both restrict the freedom of the halls and interconnect them.&lt;/p&gt;
&lt;h2 id="solid-principles"&gt;SOLID principles&lt;a class="anchor" href="#solid-principles"&gt;#&lt;/a&gt;&lt;/h2&gt;
&lt;p&gt;If &lt;em&gt;cohesion&lt;/em&gt; and &lt;em&gt;decoupling&lt;/em&gt; dictate software architecture, they should surface in its principles. Let’s take a look at &lt;a href="https://en.wikipedia.org/wiki/SOLID"&gt;SOLID&lt;/a&gt;:&lt;/p&gt;</description></item><item><title>Choose your own architecture</title><link>https://metapatterns.io/analytics/the-heart-of-software-architecture/choose-your-own-architecture/</link><pubDate>Mon, 01 Jan 0001 00:00:00 +0000</pubDate><guid>https://metapatterns.io/analytics/the-heart-of-software-architecture/choose-your-own-architecture/</guid><description>&lt;h1 id="choose-your-own-architecture"&gt;Choose your own architecture&lt;/h1&gt;
&lt;p&gt;Now that we’ve seen patterns decomposed into decoupling and cohesion, we can try reconstructing architecture based on your project’s needs.&lt;/p&gt;
&lt;h2 id="project-size"&gt;Project size&lt;a class="anchor" href="#project-size"&gt;#&lt;/a&gt;&lt;/h2&gt;
&lt;p&gt;The project’s expected size is among the main determinants of the project’s architecture as both overgrown components and excessive fragmentation handicap development and maintenance. A moderate number of components of moderate size is the desired zone of comfort.&lt;/p&gt;
&lt;p&gt;Therefore, a one day task will likely be &lt;a href="https://metapatterns.io/basic-metapatterns/monolith/"&gt;&lt;em&gt;monolithic&lt;/em&gt;&lt;/a&gt;, a man-month of work needs &lt;a href="https://metapatterns.io/basic-metapatterns/layers/"&gt;&lt;em&gt;layering&lt;/em&gt;&lt;/a&gt; while anything larger calls for at least partial separation into &lt;em&gt;subdomain&lt;/em&gt; &lt;a href="https://metapatterns.io/basic-metapatterns/services/#synchronous-modules-modular-monolith-modulith"&gt;&lt;em&gt;modules&lt;/em&gt;&lt;/a&gt; or &lt;a href="https://metapatterns.io/basic-metapatterns/services/#distributed-services-service-based-architecture-space-based-architecture-microservices"&gt;&lt;em&gt;services&lt;/em&gt;&lt;/a&gt;. Very large projects may require further subdivision into &lt;a href="https://metapatterns.io/fragmented-metapatterns/service-oriented-architecture--soa-/"&gt;&lt;em&gt;Service-Oriented Architecture&lt;/em&gt;&lt;/a&gt; (&lt;em&gt;SOA&lt;/em&gt;) or &lt;a href="https://metapatterns.io/fragmented-metapatterns/hierarchy/#in-depth-hierarchy-cell-based-microservice-architecture-wso2-version-segmented-microservice-architecture-services-of-services-clusters-of-services"&gt;&lt;em&gt;Cell-Based Architecture&lt;/em&gt;&lt;/a&gt; (a kind of &lt;a href="https://metapatterns.io/fragmented-metapatterns/hierarchy/"&gt;&lt;em&gt;Hierarchy&lt;/em&gt;&lt;/a&gt;).&lt;/p&gt;</description></item></channel></rss>