<?xml version="1.0" encoding="utf-8" standalone="yes"?><rss version="2.0" xmlns:atom="http://www.w3.org/2005/Atom"><channel><title>Fragmented metapatterns on Architectural Metapatterns</title><link>https://metapatterns.io/fragmented-metapatterns/</link><description>Recent content in Fragmented metapatterns on Architectural Metapatterns</description><generator>Hugo</generator><language>en-us</language><atom:link href="https://metapatterns.io/fragmented-metapatterns/index.xml" rel="self" type="application/rss+xml"/><item><title>Layered Services</title><link>https://metapatterns.io/fragmented-metapatterns/layered-services/</link><pubDate>Mon, 01 Jan 0001 00:00:00 +0000</pubDate><guid>https://metapatterns.io/fragmented-metapatterns/layered-services/</guid><description>&lt;h1 id="layered-services"&gt;Layered Services&lt;/h1&gt;
&lt;figure&gt;
&lt;a href="https://metapatterns.io/diagrams/Main/Layered%20Services.png"&gt;
&lt;picture&gt;
&lt;source srcset="https://metapatterns.io/diagrams/Main/Layered%20Services.svg" media="(prefers-color-scheme: light)"/&gt;
&lt;source srcset="https://metapatterns.io/diagrams/Main/Layered%20Services.dark.svg" media="(prefers-color-scheme: dark)"/&gt;
&lt;img src="https://metapatterns.io/diagrams/Main/Layered%20Services.png" alt="Layered Services" loading="lazy" width="1122" height="534" style="width:100%"/&gt;
&lt;/picture&gt;
&lt;/a&gt;
&lt;/figure&gt;
&lt;p&gt;&lt;em&gt;Cut the cake.&lt;/em&gt; Divide each service into layers.&lt;/p&gt;
&lt;p&gt;&lt;ins&gt;Variants:&lt;/ins&gt;&lt;/p&gt;
&lt;ul&gt;
&lt;li&gt;&lt;a href="https://metapatterns.io/foundations-of-software-architecture/arranging-communication/orchestration/"&gt;Orchestrated&lt;/a&gt; Three-Layered Services,&lt;/li&gt;
&lt;li&gt;(&lt;em&gt;Pipelined&lt;/em&gt;) &lt;a href="https://metapatterns.io/foundations-of-software-architecture/arranging-communication/choreography/"&gt;Choreographed&lt;/a&gt; Two-Layered Services,&lt;/li&gt;
&lt;li&gt;(&lt;em&gt;Pipelined&lt;/em&gt;) Command Query Responsibility Segregation (CQRS) [&lt;a href="https://metapatterns.io/appendices/books-referenced/#mp"&gt;MP&lt;/a&gt;, &lt;a href="https://metapatterns.io/appendices/books-referenced/#lddd"&gt;LDDD&lt;/a&gt;].&lt;/li&gt;
&lt;/ul&gt;
&lt;p&gt;&lt;ins&gt;Structure:&lt;/ins&gt; Subdomain services divided into layers.&lt;/p&gt;
&lt;p&gt;&lt;ins&gt;Type:&lt;/ins&gt; Implementation of &lt;a href="https://metapatterns.io/basic-metapatterns/services/"&gt;&lt;em&gt;Services&lt;/em&gt;&lt;/a&gt;, &lt;a href="https://metapatterns.io/basic-metapatterns/pipeline/"&gt;&lt;em&gt;Pipeline&lt;/em&gt;&lt;/a&gt; or &lt;a href="https://metapatterns.io/basic-metapatterns/monolith/"&gt;&lt;em&gt;Monolith&lt;/em&gt;&lt;/a&gt;, correspondingly.&lt;/p&gt;
&lt;p&gt;&lt;em&gt;Layered Services&lt;/em&gt; is an umbrella architecture for common implementations of systems of &lt;a href="https://metapatterns.io/basic-metapatterns/services/"&gt;&lt;em&gt;Services&lt;/em&gt;&lt;/a&gt;. It does not introduce any special features as layers are completely encapsulated by the service which they belong to. Still, as the services may communicate at different layers, there are a couple of things to learn by exploring the subject matter.&lt;/p&gt;</description></item><item><title>Polyglot Persistence</title><link>https://metapatterns.io/fragmented-metapatterns/polyglot-persistence/</link><pubDate>Mon, 01 Jan 0001 00:00:00 +0000</pubDate><guid>https://metapatterns.io/fragmented-metapatterns/polyglot-persistence/</guid><description>&lt;h1 id="polyglot-persistence"&gt;Polyglot Persistence&lt;/h1&gt;
&lt;figure&gt;
&lt;a href="https://metapatterns.io/diagrams/Main/Polyglot%20Persistence.png"&gt;
&lt;picture&gt;
&lt;source srcset="https://metapatterns.io/diagrams/Main/Polyglot%20Persistence.svg" media="(prefers-color-scheme: light)"/&gt;
&lt;source srcset="https://metapatterns.io/diagrams/Main/Polyglot%20Persistence.dark.svg" media="(prefers-color-scheme: dark)"/&gt;
&lt;img src="https://metapatterns.io/diagrams/Main/Polyglot%20Persistence.png" alt="Polyglot Persistence" loading="lazy" width="944" height="514" style="width:100%"/&gt;
&lt;/picture&gt;
&lt;/a&gt;
&lt;/figure&gt;
&lt;p&gt;&lt;em&gt;Unbind your data.&lt;/em&gt; Use multiple specialized databases.&lt;/p&gt;
&lt;p&gt;&lt;ins&gt;Known as:&lt;/ins&gt; Polyglot Persistence.&lt;/p&gt;
&lt;p&gt;&lt;ins&gt;Aspects:&lt;/ins&gt; those of the &lt;a href="https://metapatterns.io/extension-metapatterns/shared-repository/"&gt;databases&lt;/a&gt; involved.&lt;/p&gt;
&lt;p&gt;&lt;ins&gt;Variants:&lt;/ins&gt;&lt;/p&gt;
&lt;p&gt;Independent storage:&lt;/p&gt;
&lt;ul&gt;
&lt;li&gt;Specialized Databases,&lt;/li&gt;
&lt;li&gt;Private and Shared Databases,&lt;/li&gt;
&lt;li&gt;Data File / Content Delivery Network (CDN).&lt;/li&gt;
&lt;/ul&gt;
&lt;p&gt;Derived storage:&lt;/p&gt;
&lt;ul&gt;
&lt;li&gt;Read-Only Replica,&lt;/li&gt;
&lt;li&gt;&lt;a href="https://martinfowler.com/bliki/ReportingDatabase.html"&gt;Reporting Database&lt;/a&gt; / CQRS View Database [&lt;a href="https://metapatterns.io/appendices/books-referenced/#mp"&gt;MP&lt;/a&gt;] / Event-Sourced View [&lt;a href="https://metapatterns.io/appendices/books-referenced/#deds"&gt;DEDS&lt;/a&gt;] / Source-Aligned (Native) Data Product Quantum (DPQ) of Data Mesh [&lt;a href="https://metapatterns.io/appendices/books-referenced/#sahp"&gt;SAHP&lt;/a&gt;],&lt;/li&gt;
&lt;li&gt;&lt;a href="https://martinfowler.com/bliki/MemoryImage.html"&gt;Memory Image&lt;/a&gt; / Materialized View [&lt;a href="https://metapatterns.io/appendices/books-referenced/#ddia"&gt;DDIA&lt;/a&gt;],&lt;/li&gt;
&lt;li&gt;Query Service [&lt;a href="https://metapatterns.io/appendices/books-referenced/#mp"&gt;MP&lt;/a&gt;] / Front Controller [&lt;a href="https://metapatterns.io/appendices/books-referenced/#sahp"&gt;SAHP&lt;/a&gt; but &lt;a href="https://metapatterns.io/analytics/ambiguous-patterns/#front-controller"&gt;not&lt;/a&gt; &lt;a href="https://metapatterns.io/appendices/books-referenced/#peaa"&gt;PEAA&lt;/a&gt;] / Data Warehouse [&lt;a href="https://metapatterns.io/appendices/books-referenced/#sahp"&gt;SAHP&lt;/a&gt;] / Data Lake [&lt;a href="https://metapatterns.io/appendices/books-referenced/#sahp"&gt;SAHP&lt;/a&gt;] / Aggregate Data Product Quantum (DPQ) of Data Mesh [&lt;a href="https://metapatterns.io/appendices/books-referenced/#sahp"&gt;SAHP&lt;/a&gt;],&lt;/li&gt;
&lt;li&gt;External Search Index,&lt;/li&gt;
&lt;li&gt;Historical Data / &lt;a href="https://www.datacore.com/glossary/what-is-data-archiving/"&gt;Data Archiving&lt;/a&gt;,&lt;/li&gt;
&lt;li&gt;Database Cache / &lt;a href="https://www.enjoyalgorithms.com/blog/cache-aside-caching-strategy"&gt;Cache-Aside&lt;/a&gt;.&lt;/li&gt;
&lt;/ul&gt;
&lt;p&gt;&lt;ins&gt;Structure:&lt;/ins&gt; A layer of data services used by higher-level components.&lt;/p&gt;</description></item><item><title>Backends for Frontends (BFF)</title><link>https://metapatterns.io/fragmented-metapatterns/backends-for-frontends--bff-/</link><pubDate>Mon, 01 Jan 0001 00:00:00 +0000</pubDate><guid>https://metapatterns.io/fragmented-metapatterns/backends-for-frontends--bff-/</guid><description>&lt;h1 id="backends-for-frontends-bff"&gt;Backends for Frontends (BFF)&lt;/h1&gt;
&lt;figure&gt;
&lt;a href="https://metapatterns.io/diagrams/Main/Backends%20for%20Frontends.png"&gt;
&lt;picture&gt;
&lt;source srcset="https://metapatterns.io/diagrams/Main/Backends%20for%20Frontends.svg" media="(prefers-color-scheme: light)"/&gt;
&lt;source srcset="https://metapatterns.io/diagrams/Main/Backends%20for%20Frontends.dark.svg" media="(prefers-color-scheme: dark)"/&gt;
&lt;img src="https://metapatterns.io/diagrams/Main/Backends%20for%20Frontends.png" alt="Backends for Frontends" loading="lazy" width="904" height="634" style="width:100%"/&gt;
&lt;/picture&gt;
&lt;/a&gt;
&lt;/figure&gt;
&lt;p&gt;&lt;em&gt;Hire a local guide.&lt;/em&gt; Dedicate a service for every kind of client.&lt;/p&gt;
&lt;p&gt;&lt;ins&gt;Known as:&lt;/ins&gt; Backends for Frontends (BFF), &lt;a href="https://github.com/wso2/reference-architecture/blob/master/api-driven-microservice-architecture.md"&gt;Layered Microservice Architecture&lt;/a&gt;.&lt;/p&gt;
&lt;p&gt;&lt;ins&gt;Aspects:&lt;/ins&gt;&lt;/p&gt;
&lt;ul&gt;
&lt;li&gt;&lt;a href="https://metapatterns.io/extension-metapatterns/proxy/"&gt;Proxy&lt;/a&gt;,&lt;/li&gt;
&lt;li&gt;&lt;a href="https://metapatterns.io/extension-metapatterns/orchestrator/"&gt;Orchestrator&lt;/a&gt;.&lt;/li&gt;
&lt;/ul&gt;
&lt;p&gt;&lt;ins&gt;Variants:&lt;/ins&gt;&lt;/p&gt;
&lt;p&gt;Applicable to:&lt;/p&gt;
&lt;ul&gt;
&lt;li&gt;Proxies,&lt;/li&gt;
&lt;li&gt;Orchestrators,&lt;/li&gt;
&lt;li&gt;Proxy + Orchestrator pairs,&lt;/li&gt;
&lt;li&gt;API Gateways,&lt;/li&gt;
&lt;li&gt;Event Mediators.&lt;/li&gt;
&lt;/ul&gt;
&lt;p&gt;&lt;ins&gt;Structure:&lt;/ins&gt; A layer of integration services over a shared layer of core services.&lt;/p&gt;
&lt;p&gt;&lt;ins&gt;Type:&lt;/ins&gt; Extension, derived from &lt;a href="https://metapatterns.io/extension-metapatterns/orchestrator/"&gt;&lt;em&gt;Orchestrator&lt;/em&gt;&lt;/a&gt; and/or &lt;a href="https://metapatterns.io/extension-metapatterns/proxy/"&gt;&lt;em&gt;Proxy&lt;/em&gt;&lt;/a&gt;.&lt;/p&gt;
&lt;table&gt;
 &lt;thead&gt;
 &lt;tr&gt;
 &lt;th&gt;&lt;em&gt;Benefits&lt;/em&gt;&lt;/th&gt;
 &lt;th&gt;&lt;em&gt;Drawbacks&lt;/em&gt;&lt;/th&gt;
 &lt;/tr&gt;
 &lt;/thead&gt;
 &lt;tbody&gt;
 &lt;tr&gt;
 &lt;td&gt;Clients become independent in protocols, workflows, and, to an extent, forces&lt;/td&gt;
 &lt;td&gt;No single place for cross-cutting concerns&lt;/td&gt;
 &lt;/tr&gt;
 &lt;tr&gt;
 &lt;td&gt;A specialized team and technology per client may be employed&lt;/td&gt;
 &lt;td&gt;More work for the DevOps team&lt;/td&gt;
 &lt;/tr&gt;
 &lt;tr&gt;
 &lt;td&gt;The multiple &lt;em&gt;Orchestrators&lt;/em&gt; are smaller and more cohesive than the original universal one&lt;/td&gt;
 &lt;td&gt;&lt;/td&gt;
 &lt;/tr&gt;
 &lt;/tbody&gt;
&lt;/table&gt;
&lt;p&gt;&lt;ins&gt;References:&lt;/ins&gt; The &lt;a href="https://samnewman.io/patterns/architectural/bff/"&gt;original article&lt;/a&gt;, a &lt;a href="https://learn.microsoft.com/en-us/azure/architecture/patterns/backends-for-frontends"&gt;smaller one&lt;/a&gt; from Microsoft and an &lt;a href="https://microservices.io/patterns/apigateway.html"&gt;excerpt&lt;/a&gt; from [&lt;a href="https://metapatterns.io/appendices/books-referenced/#mp"&gt;MP&lt;/a&gt;]. Here are &lt;a href="https://github.com/wso2/reference-architecture/blob/master/api-driven-microservice-architecture.md"&gt;reference diagrams&lt;/a&gt; from WSO2 (notice multiple &lt;em&gt;Microgateway&lt;/em&gt; + &lt;em&gt;Integration Microservice&lt;/em&gt; pairs).&lt;/p&gt;</description></item><item><title>Service-Oriented Architecture (SOA)</title><link>https://metapatterns.io/fragmented-metapatterns/service-oriented-architecture--soa-/</link><pubDate>Mon, 01 Jan 0001 00:00:00 +0000</pubDate><guid>https://metapatterns.io/fragmented-metapatterns/service-oriented-architecture--soa-/</guid><description>&lt;h1 id="service-oriented-architecture-soa"&gt;Service-Oriented Architecture (SOA)&lt;/h1&gt;
&lt;figure&gt;
&lt;a href="https://metapatterns.io/diagrams/Main/Service-Oriented%20Architecture.png"&gt;
&lt;picture&gt;
&lt;source srcset="https://metapatterns.io/diagrams/Main/Service-Oriented%20Architecture.svg" media="(prefers-color-scheme: light)"/&gt;
&lt;source srcset="https://metapatterns.io/diagrams/Main/Service-Oriented%20Architecture.dark.svg" media="(prefers-color-scheme: dark)"/&gt;
&lt;img src="https://metapatterns.io/diagrams/Main/Service-Oriented%20Architecture.png" alt="Service-Oriented Architecture" loading="lazy" width="924" height="722" style="width:100%"/&gt;
&lt;/picture&gt;
&lt;/a&gt;
&lt;/figure&gt;
&lt;p&gt;&lt;em&gt;The whole is equal to the sum of the parts.&lt;/em&gt; Distributed &lt;a href="https://en.wikipedia.org/wiki/Object-oriented_design"&gt;Object-Oriented Design&lt;/a&gt;.&lt;/p&gt;
&lt;p&gt;&lt;ins&gt;Known as:&lt;/ins&gt; Service-Oriented Architecture (SOA), &lt;a href="https://github.com/wso2/reference-architecture/blob/master/reference-architecture-layered-segmented.md"&gt;Segmented Architecture&lt;/a&gt;.&lt;/p&gt;
&lt;p&gt;&lt;ins&gt;Variants:&lt;/ins&gt;&lt;/p&gt;
&lt;ul&gt;
&lt;li&gt;Distributed Monolith,&lt;/li&gt;
&lt;li&gt;Enterprise SOA,&lt;/li&gt;
&lt;li&gt;&lt;a href="https://www.uber.com/blog/microservice-architecture/"&gt;Domain-Oriented Microservice Architecture&lt;/a&gt; (DOMA),&lt;/li&gt;
&lt;li&gt;(misapplied) Automotive SOA,&lt;/li&gt;
&lt;li&gt;&lt;a href="https://medium.com/@ido.vapner/unlocking-the-power-of-nano-services-a-new-era-in-microservices-architecture-22647ea36f22"&gt;Nanoservices&lt;/a&gt;.&lt;/li&gt;
&lt;/ul&gt;
&lt;p&gt;&lt;ins&gt;Structure:&lt;/ins&gt; Usually three layers of services where each service can access any other service in its own or lower layers.&lt;/p&gt;
&lt;p&gt;&lt;ins&gt;Type:&lt;/ins&gt; Main, derived from &lt;a href="https://metapatterns.io/basic-metapatterns/layers/"&gt;&lt;em&gt;Layers&lt;/em&gt;&lt;/a&gt;.&lt;/p&gt;
&lt;table&gt;
 &lt;thead&gt;
 &lt;tr&gt;
 &lt;th&gt;&lt;em&gt;Benefits&lt;/em&gt;&lt;/th&gt;
 &lt;th&gt;&lt;em&gt;Drawbacks&lt;/em&gt;&lt;/th&gt;
 &lt;/tr&gt;
 &lt;/thead&gt;
 &lt;tbody&gt;
 &lt;tr&gt;
 &lt;td&gt;Supports huge codebases&lt;/td&gt;
 &lt;td&gt;Very hard to debug&lt;/td&gt;
 &lt;/tr&gt;
 &lt;tr&gt;
 &lt;td&gt;Multiple development teams and technologies&lt;/td&gt;
 &lt;td&gt;Hard to test as there are many dependencies&lt;/td&gt;
 &lt;/tr&gt;
 &lt;tr&gt;
 &lt;td&gt;Forces may vary between the components&lt;/td&gt;
 &lt;td&gt;Very poor latency&lt;/td&gt;
 &lt;/tr&gt;
 &lt;tr&gt;
 &lt;td&gt;Deployment to dedicated hardware&lt;/td&gt;
 &lt;td&gt;Very high DevOps complexity&lt;/td&gt;
 &lt;/tr&gt;
 &lt;tr&gt;
 &lt;td&gt;Fine-grained scaling&lt;/td&gt;
 &lt;td&gt;The teams are highly interdependent&lt;/td&gt;
 &lt;/tr&gt;
 &lt;/tbody&gt;
&lt;/table&gt;
&lt;p&gt;&lt;ins&gt;References:&lt;/ins&gt; [&lt;a href="https://metapatterns.io/appendices/books-referenced/#fsa"&gt;FSA&lt;/a&gt;] has a chapter on Orchestration-Driven (Enterprise) Service-Oriented Architecture. [&lt;a href="https://metapatterns.io/appendices/books-referenced/#mp"&gt;MP&lt;/a&gt;] mentions Distributed Monolith. There is also much (though somewhat conflicting) content over the Web.&lt;/p&gt;</description></item><item><title>Hierarchy</title><link>https://metapatterns.io/fragmented-metapatterns/hierarchy/</link><pubDate>Mon, 01 Jan 0001 00:00:00 +0000</pubDate><guid>https://metapatterns.io/fragmented-metapatterns/hierarchy/</guid><description>&lt;h1 id="hierarchy"&gt;Hierarchy&lt;/h1&gt;
&lt;figure&gt;
&lt;a href="https://metapatterns.io/diagrams/Main/Hierarchy.png"&gt;
&lt;picture&gt;
&lt;source srcset="https://metapatterns.io/diagrams/Main/Hierarchy.svg" media="(prefers-color-scheme: light)"/&gt;
&lt;source srcset="https://metapatterns.io/diagrams/Main/Hierarchy.dark.svg" media="(prefers-color-scheme: dark)"/&gt;
&lt;img src="https://metapatterns.io/diagrams/Main/Hierarchy.png" alt="Hierarchy" loading="lazy" width="1082" height="534" style="width:100%"/&gt;
&lt;/picture&gt;
&lt;/a&gt;
&lt;/figure&gt;
&lt;p&gt;&lt;em&gt;Command and conquer.&lt;/em&gt; Build a tree of responsibilities.&lt;/p&gt;
&lt;p&gt;&lt;ins&gt;Variants:&lt;/ins&gt;&lt;/p&gt;
&lt;p&gt;By structure:&lt;/p&gt;
&lt;ul&gt;
&lt;li&gt;Polymorphic children,&lt;/li&gt;
&lt;li&gt;Functionally distinct children.&lt;/li&gt;
&lt;/ul&gt;
&lt;p&gt;By direction:&lt;/p&gt;
&lt;ul&gt;
&lt;li&gt;Top-Down Hierarchy / Orchestrator of Orchestrators / &lt;a href="https://en.wikipedia.org/wiki/Presentation%E2%80%93abstraction%E2%80%93control"&gt;Presentation-Abstraction-Control&lt;/a&gt; (PAC) [&lt;a href="https://metapatterns.io/appendices/books-referenced/#posa1"&gt;POSA1&lt;/a&gt;, &lt;a href="https://metapatterns.io/appendices/books-referenced/#posa4"&gt;POSA4&lt;/a&gt;] / &lt;a href="https://herbertograca.com/2017/08/17/mvc-and-its-variants/#hierarchical-model-view-controller"&gt;Hierarchical Model-View-Controller&lt;/a&gt; (HMVC),&lt;/li&gt;
&lt;li&gt;Bottom-Up Hierarchy / Bus of Buses / Network of Networks,&lt;/li&gt;
&lt;li&gt;In-Depth Hierarchy / &lt;a href="https://github.com/wso2/reference-architecture/blob/master/reference-architecture-cell-based.md"&gt;Cell-Based (Microservice) Architecture&lt;/a&gt; (WSO2 version) / &lt;a href="https://github.com/wso2/reference-architecture/blob/master/api-driven-microservice-architecture.md"&gt;Segmented Microservice Architecture&lt;/a&gt; / Services of Services / Clusters of Services [&lt;a href="https://metapatterns.io/appendices/books-referenced/#deds"&gt;DEDS&lt;/a&gt;].&lt;/li&gt;
&lt;/ul&gt;
&lt;p&gt;&lt;ins&gt;Structure:&lt;/ins&gt; A tree of components.&lt;/p&gt;
&lt;p&gt;&lt;ins&gt;Type:&lt;/ins&gt; Main or extension.&lt;/p&gt;</description></item></channel></rss>