<?xml version="1.0" encoding="utf-8" standalone="yes"?><rss version="2.0" xmlns:atom="http://www.w3.org/2005/Atom"><channel><title>Introduction on Architectural Metapatterns</title><link>https://metapatterns.io/introduction/</link><description>Recent content in Introduction on Architectural Metapatterns</description><generator>Hugo</generator><language>en-us</language><atom:link href="https://metapatterns.io/introduction/index.xml" rel="self" type="application/rss+xml"/><item><title>About this book</title><link>https://metapatterns.io/introduction/about-this-book/</link><pubDate>Mon, 01 Jan 0001 00:00:00 +0000</pubDate><guid>https://metapatterns.io/introduction/about-this-book/</guid><description>&lt;h1 id="about-this-book"&gt;About this book&lt;/h1&gt;
&lt;p&gt;When I was learning programming, there was &lt;a href="https://en.wikipedia.org/wiki/Design_Patterns"&gt;&lt;em&gt;Gang of Four&lt;/em&gt;&lt;/a&gt;. The book promised to teach software design, and it did to an extent with the case study provided. However, the patterns it described were merely random tools which had little in common. After several years, having reinvented &lt;a href="https://en.wikipedia.org/wiki/Hexagonal_architecture_%28software%29"&gt;&lt;em&gt;Hexagonal Architecture&lt;/em&gt;&lt;/a&gt; along the way, I learned about &lt;a href="https://en.wikipedia.org/wiki/Pattern-Oriented_Software_Architecture"&gt;&lt;em&gt;Pattern-Oriented Software Architecture&lt;/em&gt;&lt;/a&gt;. The series had many more intriguing patterns, and promised to provide a &lt;em&gt;system of patterns&lt;/em&gt; or a &lt;em&gt;pattern language&lt;/em&gt;, but failed to build an intuitive whole. Then there were specialized books with &lt;a href="https://en.wikipedia.org/wiki/Domain-driven_design"&gt;&lt;em&gt;Domain-Driven Design&lt;/em&gt;&lt;/a&gt; and &lt;em&gt;Microservices&lt;/em&gt; patterns. There was the &lt;a href="https://www.oreilly.com/content/software-architecture-patterns/"&gt;&lt;em&gt;Software Architecture Patterns&lt;/em&gt;&lt;/a&gt; primer by Mark Richards. Its simplicity felt great, but it had only 5 architectural styles, while his next book, &lt;em&gt;Fundamentals of Software Architecture&lt;/em&gt;, dived too deeply into practical details and examples to be easily grasped.&lt;/p&gt;</description></item><item><title>Metapatterns</title><link>https://metapatterns.io/introduction/metapatterns/</link><pubDate>Mon, 01 Jan 0001 00:00:00 +0000</pubDate><guid>https://metapatterns.io/introduction/metapatterns/</guid><description>&lt;h1 id="metapatterns"&gt;Metapatterns&lt;/h1&gt;
&lt;p&gt;Is there a way to bring the patterns into order? They are way too many, some obscure, others overly specialized.&lt;/p&gt;
&lt;p&gt;We can try. On a subset. And the subset should be:&lt;/p&gt;
&lt;ul&gt;
&lt;li&gt;&lt;em&gt;Important&lt;/em&gt; enough to matter for the majority of programmers.&lt;/li&gt;
&lt;li&gt;&lt;em&gt;Small&lt;/em&gt; enough to fit in one’s memory or in a book.&lt;/li&gt;
&lt;li&gt;&lt;em&gt;Complete&lt;/em&gt; enough to assure that we don’t miss anything crucial.&lt;/li&gt;
&lt;/ul&gt;
&lt;p&gt;Is there such a set? I believe so.&lt;/p&gt;</description></item></channel></rss>