<?xml version="1.0" encoding="utf-8" standalone="yes"?><rss version="2.0" xmlns:atom="http://www.w3.org/2005/Atom"><channel><title>Implementation metapatterns on Architectural Metapatterns</title><link>https://metapatterns.io/implementation-metapatterns/</link><description>Recent content in Implementation metapatterns on Architectural Metapatterns</description><generator>Hugo</generator><language>en-us</language><atom:link href="https://metapatterns.io/implementation-metapatterns/index.xml" rel="self" type="application/rss+xml"/><item><title>Plugins</title><link>https://metapatterns.io/implementation-metapatterns/plugins/</link><pubDate>Mon, 01 Jan 0001 00:00:00 +0000</pubDate><guid>https://metapatterns.io/implementation-metapatterns/plugins/</guid><description>&lt;h1 id="plugins"&gt;Plugins&lt;/h1&gt;
&lt;figure&gt;
&lt;a href="https://metapatterns.io/diagrams/Main/Plugins.png"&gt;
&lt;picture&gt;
&lt;source srcset="https://metapatterns.io/diagrams/Main/Plugins.svg" media="(prefers-color-scheme: light)"/&gt;
&lt;source srcset="https://metapatterns.io/diagrams/Main/Plugins.dark.svg" media="(prefers-color-scheme: dark)"/&gt;
&lt;img src="https://metapatterns.io/diagrams/Main/Plugins.png" alt="Plugins" loading="lazy" width="942" height="554" style="width:100%"/&gt;
&lt;/picture&gt;
&lt;/a&gt;
&lt;/figure&gt;
&lt;p&gt;&lt;em&gt;Overspecialize, and you breed in weakness.&lt;/em&gt; Customize the system through attachable modules.&lt;/p&gt;
&lt;p&gt;&lt;ins&gt;Known as:&lt;/ins&gt; Plug-In Architecture [&lt;a href="https://metapatterns.io/appendices/books-referenced/#fsa"&gt;FSA&lt;/a&gt;], (misapplied) Microkernel (Architecture) [&lt;a href="https://metapatterns.io/appendices/books-referenced/#posa1"&gt;POSA1&lt;/a&gt;, &lt;a href="https://metapatterns.io/appendices/books-referenced/#posa4"&gt;POSA4&lt;/a&gt;, &lt;a href="https://metapatterns.io/appendices/books-referenced/#sap"&gt;SAP&lt;/a&gt;, &lt;a href="https://metapatterns.io/appendices/books-referenced/#fsa"&gt;FSA&lt;/a&gt;], Plugin [&lt;a href="https://metapatterns.io/appendices/books-referenced/#peaa"&gt;PEAA&lt;/a&gt;], Addons, Strategy [&lt;a href="https://metapatterns.io/appendices/books-referenced/#gof"&gt;GoF&lt;/a&gt;, &lt;a href="https://metapatterns.io/appendices/books-referenced/#posa4"&gt;POSA4&lt;/a&gt;], Reflection [&lt;a href="https://metapatterns.io/appendices/books-referenced/#posa1"&gt;POSA1&lt;/a&gt;, &lt;a href="https://metapatterns.io/appendices/books-referenced/#posa4"&gt;POSA4&lt;/a&gt;], Aspects, Hooks.&lt;/p&gt;
&lt;p&gt;&lt;ins&gt;Variants:&lt;/ins&gt; &lt;a href="https://metapatterns.io/implementation-metapatterns/hexagonal-architecture/"&gt;&lt;em&gt;Hexagonal Architecture&lt;/em&gt;&lt;/a&gt; and &lt;a href="https://metapatterns.io/implementation-metapatterns/microkernel/"&gt;&lt;em&gt;Microkernel&lt;/em&gt;&lt;/a&gt; got dedicated chapters. Plugins have many variations.&lt;/p&gt;
&lt;p&gt;&lt;ins&gt;Structure:&lt;/ins&gt; A &lt;a href="https://metapatterns.io/basic-metapatterns/monolith/"&gt;&lt;em&gt;Monolith&lt;/em&gt;&lt;/a&gt; extended with one or more modules that customize its behavior.&lt;/p&gt;
&lt;p&gt;&lt;ins&gt;Type:&lt;/ins&gt; Implementation, extension.&lt;/p&gt;
&lt;table&gt;
 &lt;thead&gt;
 &lt;tr&gt;
 &lt;th&gt;&lt;em&gt;Benefits&lt;/em&gt;&lt;/th&gt;
 &lt;th&gt;&lt;em&gt;Drawbacks&lt;/em&gt;&lt;/th&gt;
 &lt;/tr&gt;
 &lt;/thead&gt;
 &lt;tbody&gt;
 &lt;tr&gt;
 &lt;td&gt;Some aspects are easy to customize&lt;/td&gt;
 &lt;td&gt;Testability is poor (too many combinations)&lt;/td&gt;
 &lt;/tr&gt;
 &lt;tr&gt;
 &lt;td&gt;The customized system is relatively light-weight&lt;/td&gt;
 &lt;td&gt;Performance is suboptimal&lt;/td&gt;
 &lt;/tr&gt;
 &lt;tr&gt;
 &lt;td&gt;Platform-specific optimizations are supported&lt;/td&gt;
 &lt;td&gt;Designing good plugin APIs is hard&lt;/td&gt;
 &lt;/tr&gt;
 &lt;tr&gt;
 &lt;td&gt;The custom pieces may be written in a different programming language or DSL&lt;/td&gt;
 &lt;td&gt;&lt;/td&gt;
 &lt;/tr&gt;
 &lt;/tbody&gt;
&lt;/table&gt;
&lt;p&gt;&lt;ins&gt;References:&lt;/ins&gt; [&lt;a href="https://metapatterns.io/appendices/books-referenced/#sap"&gt;SAP&lt;/a&gt;] and [&lt;a href="https://metapatterns.io/appendices/books-referenced/#fsa"&gt;FSA&lt;/a&gt;] &lt;a href="https://metapatterns.io/analytics/ambiguous-patterns/#microkernel"&gt;mistakenly&lt;/a&gt; call this pattern &lt;em&gt;Microkernel&lt;/em&gt; and dedicate chapters to it.&lt;/p&gt;</description></item><item><title>Hexagonal Architecture</title><link>https://metapatterns.io/implementation-metapatterns/hexagonal-architecture/</link><pubDate>Mon, 01 Jan 0001 00:00:00 +0000</pubDate><guid>https://metapatterns.io/implementation-metapatterns/hexagonal-architecture/</guid><description>&lt;h1 id="hexagonal-architecture"&gt;Hexagonal Architecture&lt;/h1&gt;
&lt;figure&gt;
&lt;a href="https://metapatterns.io/diagrams/Main/Hexagonal%20Architecture.png"&gt;
&lt;picture&gt;
&lt;source srcset="https://metapatterns.io/diagrams/Main/Hexagonal%20Architecture.svg" media="(prefers-color-scheme: light)"/&gt;
&lt;source srcset="https://metapatterns.io/diagrams/Main/Hexagonal%20Architecture.dark.svg" media="(prefers-color-scheme: dark)"/&gt;
&lt;img src="https://metapatterns.io/diagrams/Main/Hexagonal%20Architecture.png" alt="Hexagonal Architecture" loading="lazy" width="982" height="602" style="width:100%"/&gt;
&lt;/picture&gt;
&lt;/a&gt;
&lt;/figure&gt;
&lt;p&gt;&lt;em&gt;Trust no one.&lt;/em&gt; Protect your code from external dependencies.&lt;/p&gt;
&lt;p&gt;&lt;ins&gt;Known as:&lt;/ins&gt; Hexagonal Architecture, or originally as Ports and Adapters.&lt;/p&gt;
&lt;p&gt;&lt;ins&gt;Variants:&lt;/ins&gt;&lt;/p&gt;
&lt;p&gt;By placement of adapters:&lt;/p&gt;
&lt;ul&gt;
&lt;li&gt;Adapters on the external component’s side.&lt;/li&gt;
&lt;li&gt;Adapters on the &lt;em&gt;core&lt;/em&gt; side.&lt;/li&gt;
&lt;/ul&gt;
&lt;p&gt;Examples – &lt;a href="https://herbertograca.com/2017/09/14/ports-adapters-architecture/"&gt;Hexagonal Architecture&lt;/a&gt;:&lt;/p&gt;
&lt;ul&gt;
&lt;li&gt;Hexagonal Architecture / &lt;a href="https://alistair.cockburn.us/hexagonal-architecture/"&gt;Ports and Adapters&lt;/a&gt;,&lt;/li&gt;
&lt;li&gt;DDD-Style Hexagonal Architecture [&lt;a href="https://metapatterns.io/appendices/books-referenced/#lddd"&gt;LDDD&lt;/a&gt;] / &lt;a href="https://herbertograca.com/2017/09/21/onion-architecture/"&gt;Onion Architecture&lt;/a&gt; / &lt;a href="https://herbertograca.com/2017/09/28/clean-architecture-standing-on-the-shoulders-of-giants/"&gt;Clean Architecture&lt;/a&gt;.&lt;/li&gt;
&lt;/ul&gt;
&lt;p&gt;Examples – &lt;a href="https://martinfowler.com/eaaDev/SeparatedPresentation.html"&gt;Separated Presentation&lt;/a&gt;:&lt;/p&gt;
&lt;ul&gt;
&lt;li&gt;(&lt;em&gt;Layered&lt;/em&gt;) &lt;a href="https://herbertograca.com/2017/08/17/mvc-and-its-variants/#model-view-presenter"&gt;Model-View-Presenter&lt;/a&gt; (MVP), &lt;a href="https://blog.ircmaxell.com/2014/11/alternatives-to-mvc.html#MVA-Model-View-Adapter"&gt;Model-View-Adapter&lt;/a&gt; (MVA), &lt;a href="https://herbertograca.com/2017/08/17/mvc-and-its-variants/#model-view-view_model"&gt;Model-View-ViewModel&lt;/a&gt; (MVVM), &lt;a href="https://lostechies.com/derekgreer/2007/08/25/interactive-application-architecture/"&gt;Model 1&lt;/a&gt; (MVC1), Document-View [&lt;a href="https://metapatterns.io/appendices/books-referenced/#posa1"&gt;POSA1&lt;/a&gt;],&lt;/li&gt;
&lt;li&gt;(&lt;em&gt;Pipelined&lt;/em&gt;) Model-View-Controller (MVC) [&lt;a href="https://metapatterns.io/appendices/books-referenced/#posa1"&gt;POSA1&lt;/a&gt;, &lt;a href="https://metapatterns.io/appendices/books-referenced/#posa4"&gt;POSA4&lt;/a&gt;] / &lt;a href="https://github.com/pmjones/adr#action-domain-responder"&gt;Action-Domain-Responder&lt;/a&gt; (ADR) / &lt;a href="https://herbertograca.com/2018/08/31/resource-method-representation/"&gt;Resource-Method-Representation&lt;/a&gt; (RMR) / &lt;a href="https://lostechies.com/derekgreer/2007/08/25/interactive-application-architecture/"&gt;Model 2&lt;/a&gt; (MVC2) / &lt;a href="https://slideplayer.com/slide/12426213/"&gt;Game Development Engine&lt;/a&gt;.&lt;/li&gt;
&lt;/ul&gt;
&lt;p&gt;&lt;ins&gt;Structure:&lt;/ins&gt; A monolithic business logic extended with a set of (adapter, component) pairs that encapsulate external dependencies.&lt;/p&gt;</description></item><item><title>Microkernel</title><link>https://metapatterns.io/implementation-metapatterns/microkernel/</link><pubDate>Mon, 01 Jan 0001 00:00:00 +0000</pubDate><guid>https://metapatterns.io/implementation-metapatterns/microkernel/</guid><description>&lt;h1 id="microkernel"&gt;Microkernel&lt;/h1&gt;
&lt;figure&gt;
&lt;a href="https://metapatterns.io/diagrams/Main/Microkernel.png"&gt;
&lt;picture&gt;
&lt;source srcset="https://metapatterns.io/diagrams/Main/Microkernel.svg" media="(prefers-color-scheme: light)"/&gt;
&lt;source srcset="https://metapatterns.io/diagrams/Main/Microkernel.dark.svg" media="(prefers-color-scheme: dark)"/&gt;
&lt;img src="https://metapatterns.io/diagrams/Main/Microkernel.png" alt="Microkernel" loading="lazy" width="844" height="534" style="width:100%"/&gt;
&lt;/picture&gt;
&lt;/a&gt;
&lt;/figure&gt;
&lt;p&gt;&lt;em&gt;Communism.&lt;/em&gt; Share resources among consumers.&lt;/p&gt;
&lt;p&gt;&lt;ins&gt;Known as:&lt;/ins&gt; Microkernel [&lt;a href="https://metapatterns.io/appendices/books-referenced/#posa1"&gt;POSA1&lt;/a&gt;, &lt;a href="https://metapatterns.io/appendices/books-referenced/#posa4"&gt;POSA4&lt;/a&gt; but &lt;a href="https://metapatterns.io/analytics/ambiguous-patterns/#microkernel"&gt;not&lt;/a&gt; &lt;a href="https://metapatterns.io/appendices/books-referenced/#sap"&gt;SAP&lt;/a&gt; and &lt;a href="https://metapatterns.io/appendices/books-referenced/#fsa"&gt;FSA&lt;/a&gt;].&lt;/p&gt;
&lt;p&gt;&lt;ins&gt;Aspects:&lt;/ins&gt;&lt;/p&gt;
&lt;ul&gt;
&lt;li&gt;&lt;a href="https://metapatterns.io/extension-metapatterns/middleware/"&gt;Middleware&lt;/a&gt;,&lt;/li&gt;
&lt;li&gt;&lt;a href="https://metapatterns.io/extension-metapatterns/orchestrator/"&gt;Orchestrator&lt;/a&gt;.&lt;/li&gt;
&lt;/ul&gt;
&lt;p&gt;&lt;ins&gt;Variants:&lt;/ins&gt;&lt;/p&gt;
&lt;ul&gt;
&lt;li&gt;Operating System,&lt;/li&gt;
&lt;li&gt;Software Framework,&lt;/li&gt;
&lt;li&gt;Virtualizer / Hypervisor / Container Orchestrator [&lt;a href="https://metapatterns.io/appendices/books-referenced/#dds"&gt;DDS&lt;/a&gt;] / Distributed Runtime,&lt;/li&gt;
&lt;li&gt;Interpreter [&lt;a href="https://metapatterns.io/appendices/books-referenced/#gof"&gt;GoF&lt;/a&gt;] / Script / Domain-Specific Language (DSL),&lt;/li&gt;
&lt;li&gt;Configurator / Configuration File,&lt;/li&gt;
&lt;li&gt;Saga Engine,&lt;/li&gt;
&lt;li&gt;&lt;a href="https://www.autosar.org/fileadmin/standards/R20-11/CP/AUTOSAR_EXP_VFB.pdf"&gt;AUTOSAR Classic Platform&lt;/a&gt;.&lt;/li&gt;
&lt;/ul&gt;
&lt;p&gt;&lt;ins&gt;Structure:&lt;/ins&gt; A layer of &lt;a href="https://metapatterns.io/extension-metapatterns/orchestrator/"&gt;&lt;em&gt;Orchestrators&lt;/em&gt;&lt;/a&gt; over a &lt;a href="https://metapatterns.io/extension-metapatterns/middleware/"&gt;&lt;em&gt;Middleware&lt;/em&gt;&lt;/a&gt; over a layer of &lt;a href="https://metapatterns.io/basic-metapatterns/services/"&gt;&lt;em&gt;Services&lt;/em&gt;&lt;/a&gt;.&lt;/p&gt;
&lt;p&gt;&lt;ins&gt;Type:&lt;/ins&gt; Implementation.&lt;/p&gt;
&lt;table&gt;
 &lt;thead&gt;
 &lt;tr&gt;
 &lt;th&gt;&lt;em&gt;Benefits&lt;/em&gt;&lt;/th&gt;
 &lt;th&gt;&lt;em&gt;Drawbacks&lt;/em&gt;&lt;/th&gt;
 &lt;/tr&gt;
 &lt;/thead&gt;
 &lt;tbody&gt;
 &lt;tr&gt;
 &lt;td&gt;The system’s complexity is evenly distributed among the components&lt;/td&gt;
 &lt;td&gt;The API and SPIs are very hard to change&lt;/td&gt;
 &lt;/tr&gt;
 &lt;tr&gt;
 &lt;td&gt;Polymorphism of the resource providers&lt;/td&gt;
 &lt;td&gt;Performance is suboptimal&lt;/td&gt;
 &lt;/tr&gt;
 &lt;tr&gt;
 &lt;td&gt;The components can have independent qualities&lt;/td&gt;
 &lt;td&gt;Latency is often unpredictable&lt;/td&gt;
 &lt;/tr&gt;
 &lt;tr&gt;
 &lt;td&gt;A resource provider can be implemented and tested in isolation&lt;/td&gt;
 &lt;td&gt;&lt;/td&gt;
 &lt;/tr&gt;
 &lt;tr&gt;
 &lt;td&gt;Each application is sandboxed by the microkernel&lt;/td&gt;
 &lt;td&gt;&lt;/td&gt;
 &lt;/tr&gt;
 &lt;tr&gt;
 &lt;td&gt;The system is platform-independent&lt;/td&gt;
 &lt;td&gt;&lt;/td&gt;
 &lt;/tr&gt;
 &lt;/tbody&gt;
&lt;/table&gt;
&lt;p&gt;&lt;ins&gt;References:&lt;/ins&gt; Microkernel pattern in [&lt;a href="https://metapatterns.io/appendices/books-referenced/#posa1"&gt;POSA1&lt;/a&gt;].&lt;/p&gt;</description></item><item><title>Mesh</title><link>https://metapatterns.io/implementation-metapatterns/mesh/</link><pubDate>Mon, 01 Jan 0001 00:00:00 +0000</pubDate><guid>https://metapatterns.io/implementation-metapatterns/mesh/</guid><description>&lt;h1 id="mesh"&gt;Mesh&lt;/h1&gt;
&lt;figure&gt;
&lt;a href="https://metapatterns.io/diagrams/Main/Mesh.png"&gt;
&lt;picture&gt;
&lt;source srcset="https://metapatterns.io/diagrams/Main/Mesh.svg" media="(prefers-color-scheme: light)"/&gt;
&lt;source srcset="https://metapatterns.io/diagrams/Main/Mesh.dark.svg" media="(prefers-color-scheme: dark)"/&gt;
&lt;img src="https://metapatterns.io/diagrams/Main/Mesh.png" alt="Mesh" loading="lazy" width="804" height="436" style="width:100%"/&gt;
&lt;/picture&gt;
&lt;/a&gt;
&lt;/figure&gt;
&lt;p&gt;&lt;em&gt;Hive mind.&lt;/em&gt; Go decentralized.&lt;/p&gt;
&lt;p&gt;&lt;ins&gt;Known as:&lt;/ins&gt; Mesh, Grid.&lt;/p&gt;
&lt;p&gt;&lt;ins&gt;Aspects:&lt;/ins&gt; those of &lt;a href="https://metapatterns.io/extension-metapatterns/middleware/"&gt;&lt;em&gt;Middleware&lt;/em&gt;&lt;/a&gt;.&lt;/p&gt;
&lt;p&gt;&lt;ins&gt;Variants:&lt;/ins&gt; &lt;em&gt;Meshes&lt;/em&gt; vary greatly. Examples include:&lt;/p&gt;
&lt;ul&gt;
&lt;li&gt;&lt;a href="https://en.wikipedia.org/wiki/Peer-to-peer"&gt;Peer-to-Peer Networks&lt;/a&gt;,&lt;/li&gt;
&lt;li&gt;Leaf-Spine Architecture / &lt;a href="https://www.geeksforgeeks.org/spine-leaf-architecture/"&gt;Spine-Leaf Architecture&lt;/a&gt;,&lt;/li&gt;
&lt;li&gt;Actors,&lt;/li&gt;
&lt;li&gt;&lt;a href="https://buoyant.io/service-mesh-manifesto"&gt;Service Mesh&lt;/a&gt; [&lt;a href="https://metapatterns.io/appendices/books-referenced/#fsa"&gt;FSA&lt;/a&gt;, &lt;a href="https://metapatterns.io/appendices/books-referenced/#mp"&gt;MP&lt;/a&gt;],&lt;/li&gt;
&lt;li&gt;&lt;a href="https://en.wikipedia.org/wiki/Space-based_architecture"&gt;Space-Based Architecture&lt;/a&gt; [&lt;a href="https://metapatterns.io/appendices/books-referenced/#sap"&gt;SAP&lt;/a&gt;, &lt;a href="https://metapatterns.io/appendices/books-referenced/#fsa"&gt;FSA&lt;/a&gt;].&lt;/li&gt;
&lt;/ul&gt;
&lt;p&gt;&lt;ins&gt;Structure:&lt;/ins&gt; A system of interconnected &lt;a href="https://metapatterns.io/basic-metapatterns/shards/"&gt;&lt;em&gt;Shards&lt;/em&gt;&lt;/a&gt; which usually make a &lt;a href="https://metapatterns.io/extension-metapatterns/middleware/"&gt;&lt;em&gt;Middleware&lt;/em&gt;&lt;/a&gt;.&lt;/p&gt;
&lt;p&gt;&lt;ins&gt;Type:&lt;/ins&gt; Implementation.&lt;/p&gt;
&lt;table&gt;
 &lt;thead&gt;
 &lt;tr&gt;
 &lt;th&gt;&lt;em&gt;Benefits&lt;/em&gt;&lt;/th&gt;
 &lt;th&gt;&lt;em&gt;Drawbacks&lt;/em&gt;&lt;/th&gt;
 &lt;/tr&gt;
 &lt;/thead&gt;
 &lt;tbody&gt;
 &lt;tr&gt;
 &lt;td&gt;No single point of failure&lt;/td&gt;
 &lt;td&gt;Overhead in administration and security&lt;/td&gt;
 &lt;/tr&gt;
 &lt;tr&gt;
 &lt;td&gt;The system is able to self-heal&lt;/td&gt;
 &lt;td&gt;Performance is likely to suffer&lt;/td&gt;
 &lt;/tr&gt;
 &lt;tr&gt;
 &lt;td&gt;Great scalability&lt;/td&gt;
 &lt;td&gt;The &lt;em&gt;Mesh&lt;/em&gt; itself is very hard to debug&lt;/td&gt;
 &lt;/tr&gt;
 &lt;tr&gt;
 &lt;td&gt;Available off the shelf&lt;/td&gt;
 &lt;td&gt;Unreliable communication must be accounted for in the code&lt;/td&gt;
 &lt;/tr&gt;
 &lt;/tbody&gt;
&lt;/table&gt;
&lt;p&gt;&lt;ins&gt;References:&lt;/ins&gt; &lt;a href="https://en.wikipedia.org/wiki/Network_topology#Classification"&gt;Wikipedia&lt;/a&gt; and [&lt;a href="https://metapatterns.io/appendices/books-referenced/#ddia"&gt;DDIA&lt;/a&gt;] on topology and protocols. [&lt;a href="https://metapatterns.io/appendices/books-referenced/#fsa"&gt;FSA&lt;/a&gt;] on &lt;em&gt;Service Mesh&lt;/em&gt; and &lt;em&gt;Space-Based Architecture&lt;/em&gt;. A &lt;a href="https://buoyant.io/service-mesh-manifesto"&gt;long&lt;/a&gt; and &lt;a href="https://www.oracle.com/cloud/cloud-native/service-mesh/what-is-a-service-mesh/"&gt;short&lt;/a&gt; article on &lt;em&gt;Service Mesh&lt;/em&gt;.&lt;/p&gt;</description></item></channel></rss>