<?xml version="1.0" encoding="utf-8" standalone="yes"?><rss version="2.0" xmlns:atom="http://www.w3.org/2005/Atom"><channel><title>Comparison of architectural patterns on Architectural Metapatterns</title><link>https://metapatterns.io/analytics/comparison-of-architectural-patterns/</link><description>Recent content in Comparison of architectural patterns on Architectural Metapatterns</description><generator>Hugo</generator><language>en-us</language><atom:link href="https://metapatterns.io/analytics/comparison-of-architectural-patterns/index.xml" rel="self" type="application/rss+xml"/><item><title>Sharing functionality or data among services</title><link>https://metapatterns.io/analytics/comparison-of-architectural-patterns/sharing-functionality-or-data-among-services/</link><pubDate>Mon, 01 Jan 0001 00:00:00 +0000</pubDate><guid>https://metapatterns.io/analytics/comparison-of-architectural-patterns/sharing-functionality-or-data-among-services/</guid><description>&lt;h1 id="sharing-functionality-or-data-among-services"&gt;Sharing functionality or data among services&lt;/h1&gt;
&lt;p&gt;Architectural patterns manifest several ways of sharing functionality or data among their components. Let’s consider a basic example: calls to two pieces of business logic need to be logged, while the logger is doing something more complex than mere console prints. The business logic also needs to access a system-wide counter.&lt;/p&gt;
&lt;h2 id="direct-call"&gt;Direct call&lt;a class="anchor" href="#direct-call"&gt;#&lt;/a&gt;&lt;/h2&gt;
&lt;p&gt;The simplest way to use a shared functionality (aspect) is to call the module which implements it directly. This is possible if the users and the provider of the aspect reside in the same process, as in a &lt;a href="https://metapatterns.io/basic-metapatterns/monolith/"&gt;&lt;em&gt;Monolith&lt;/em&gt;&lt;/a&gt; or module-based (single application) &lt;a href="https://metapatterns.io/basic-metapatterns/layers/"&gt;&lt;em&gt;Layers&lt;/em&gt;&lt;/a&gt;.&lt;/p&gt;</description></item><item><title>Pipelines in architectural patterns</title><link>https://metapatterns.io/analytics/comparison-of-architectural-patterns/pipelines-in-architectural-patterns/</link><pubDate>Mon, 01 Jan 0001 00:00:00 +0000</pubDate><guid>https://metapatterns.io/analytics/comparison-of-architectural-patterns/pipelines-in-architectural-patterns/</guid><description>&lt;h1 id="pipelines-in-architectural-patterns"&gt;Pipelines in architectural patterns&lt;/h1&gt;
&lt;p&gt;Several architectural patterns involve a unidirectional data flow – a &lt;a href="https://en.wikipedia.org/wiki/Pipeline_%28software%29"&gt;&lt;em&gt;pipeline&lt;/em&gt;&lt;/a&gt;. Strictly speaking, every data packet in a pipeline should:&lt;/p&gt;
&lt;ul&gt;
&lt;li&gt;Move through the system over the same &lt;em&gt;route&lt;/em&gt; with no loops.&lt;/li&gt;
&lt;li&gt;Be of the same &lt;em&gt;type&lt;/em&gt;, making a &lt;em&gt;data stream&lt;/em&gt;.&lt;/li&gt;
&lt;li&gt;Retain its &lt;em&gt;identity&lt;/em&gt; on the way.&lt;/li&gt;
&lt;li&gt;Retain &lt;em&gt;temporal order&lt;/em&gt; – the sequence of packets remains the same over the entire pipeline.&lt;/li&gt;
&lt;/ul&gt;
&lt;p&gt;Staying true to all of these points makes &lt;em&gt;Pipes and Filters&lt;/em&gt; – one of the oldest known architectures. Yet there are other architectures that discard one or more of the conditions:&lt;/p&gt;</description></item><item><title>Dependency inversion in architectural patterns</title><link>https://metapatterns.io/analytics/comparison-of-architectural-patterns/dependency-inversion-in-architectural-patterns/</link><pubDate>Mon, 01 Jan 0001 00:00:00 +0000</pubDate><guid>https://metapatterns.io/analytics/comparison-of-architectural-patterns/dependency-inversion-in-architectural-patterns/</guid><description>&lt;h1 id="dependency-inversion-in-architectural-patterns"&gt;Dependency inversion in architectural patterns&lt;/h1&gt;
&lt;p&gt;I am no fan of &lt;a href="https://en.wikipedia.org/wiki/SOLID"&gt;&lt;em&gt;SOLID&lt;/em&gt;&lt;/a&gt; – to the extent of being unable to remember what those five letters mean – thus I was really surprised to notice that one of its principles, namely &lt;a href="https://en.wikipedia.org/wiki/Dependency_inversion_principle"&gt;&lt;em&gt;dependency inversion&lt;/em&gt;&lt;/a&gt;, is quite common with architectural patterns, which means that it is way more generic than &lt;em&gt;OOP&lt;/em&gt; it is promoted for.&lt;/p&gt;
&lt;p&gt;Let’s see how dependency inversion is used on system level.&lt;/p&gt;
&lt;h2 id="patterns-that-build-around-it"&gt;Patterns that build around it&lt;a class="anchor" href="#patterns-that-build-around-it"&gt;#&lt;/a&gt;&lt;/h2&gt;
&lt;figure&gt;
&lt;a href="https://metapatterns.io/diagrams/Conclusion/DI-1.png"&gt;
&lt;picture&gt;
&lt;source srcset="https://metapatterns.io/diagrams/Conclusion/DI-1.svg" media="(prefers-color-scheme: light)"/&gt;
&lt;source srcset="https://metapatterns.io/diagrams/Conclusion/DI-1.dark.svg" media="(prefers-color-scheme: dark)"/&gt;
&lt;img src="https://metapatterns.io/diagrams/Conclusion/DI-1.png" alt="DI-1" loading="lazy" width="1253" height="264" style="width:100%"/&gt;
&lt;/picture&gt;
&lt;/a&gt;
&lt;/figure&gt;
&lt;p&gt;Both &lt;a href="https://metapatterns.io/implementation-metapatterns/plugins/"&gt;&lt;em&gt;Plugins&lt;/em&gt;&lt;/a&gt; and the derived &lt;a href="https://metapatterns.io/implementation-metapatterns/hexagonal-architecture/"&gt;&lt;em&gt;Hexagonal Architecture&lt;/em&gt;&lt;/a&gt; rely on dependency inversion for the same reason – to protect the &lt;em&gt;core&lt;/em&gt;, which contains the bulk of the code, from variability in the external components it uses. The &lt;em&gt;core&lt;/em&gt; operates interfaces (&lt;a href="https://en.wikipedia.org/wiki/Service_provider_interface"&gt;&lt;em&gt;SPI&lt;/em&gt;&lt;/a&gt;s) which it defines so that it may not care whatever is behind an interface.&lt;/p&gt;</description></item><item><title>Indirection in commands and queries</title><link>https://metapatterns.io/analytics/comparison-of-architectural-patterns/indirection-in-commands-and-queries/</link><pubDate>Mon, 01 Jan 0001 00:00:00 +0000</pubDate><guid>https://metapatterns.io/analytics/comparison-of-architectural-patterns/indirection-in-commands-and-queries/</guid><description>&lt;h1 id="indirection-in-commands-and-queries"&gt;Indirection in commands and queries&lt;/h1&gt;
&lt;p&gt;&lt;em&gt;We can solve any problem by introducing an extra level of indirection&lt;/em&gt; – states the &lt;a href="https://en.wikipedia.org/wiki/Fundamental_theorem_of_software_engineering"&gt;old adage&lt;/a&gt;. We will not explain how this rule drives &lt;a href="https://en.wikipedia.org/wiki/Deep_learning"&gt;deep learning&lt;/a&gt;, at least for now. Instead, let’s concentrate our effort on indirection in communication between services.&lt;/p&gt;
&lt;p&gt;Each component operates its own &lt;em&gt;domain model&lt;/em&gt; [&lt;a href="https://metapatterns.io/appendices/books-referenced/#ddd"&gt;DDD&lt;/a&gt;] which translates into objects and/or procedures convenient for use in the component’s subdomain. However, should a system cover multiple subdomains, the best models for its parts to operate start to mismatch. Furthermore, they are likely to diverge progressively over time as requirements heap up and &lt;a href="https://metapatterns.io/analytics/architecture-and-product-life-cycle/"&gt;the project matures&lt;/a&gt;.&lt;/p&gt;</description></item></channel></rss>