<?xml version="1.0" encoding="utf-8" standalone="yes"?><rss version="2.0" xmlns:atom="http://www.w3.org/2005/Atom"><channel><title>Evolutions of architectures on Architectural Metapatterns</title><link>https://metapatterns.io/appendices/evolutions-of-architectures/</link><description>Recent content in Evolutions of architectures on Architectural Metapatterns</description><generator>Hugo</generator><language>en-us</language><atom:link href="https://metapatterns.io/appendices/evolutions-of-architectures/index.xml" rel="self" type="application/rss+xml"/><item><title>Evolutions of a Monolith that lead to Shards</title><link>https://metapatterns.io/appendices/evolutions-of-architectures/evolutions-of-a-monolith-that-lead-to-shards/</link><pubDate>Mon, 01 Jan 0001 00:00:00 +0000</pubDate><guid>https://metapatterns.io/appendices/evolutions-of-architectures/evolutions-of-a-monolith-that-lead-to-shards/</guid><description>&lt;h1 id="evolutions-of-a-monolith-that-lead-to-shards"&gt;Evolutions of a Monolith that lead to Shards&lt;/h1&gt;
&lt;p&gt;One of the main drawbacks of the monolithic architecture is its lack of scalability – a single running instance of your system may not be enough to serve all its clients no matter how many resources you add in. If that is the case, you should consider &lt;a href="https://metapatterns.io/basic-metapatterns/shards/"&gt;&lt;em&gt;Shards&lt;/em&gt;&lt;/a&gt; – &lt;em&gt;multiple instances&lt;/em&gt; of a monolith. There are following options:&lt;/p&gt;
&lt;ul&gt;
&lt;li&gt;Self-managed &lt;a href="https://metapatterns.io/basic-metapatterns/shards/#persistent-slice-sharding-shards-partitions-cells-amazon-definition"&gt;&lt;em&gt;Shards&lt;/em&gt;&lt;/a&gt; – each instance owns a part of the system’s data and may communicate with all the other instances (forming a &lt;a href="https://metapatterns.io/implementation-metapatterns/mesh/"&gt;&lt;em&gt;Mesh&lt;/em&gt;&lt;/a&gt;).&lt;/li&gt;
&lt;li&gt;&lt;em&gt;Shards&lt;/em&gt; with a &lt;a href="https://metapatterns.io/extension-metapatterns/proxy/#load-balancer-sharding-proxy-cell-router-messaging-grid-scheduler"&gt;&lt;em&gt;Sharding Proxy&lt;/em&gt;&lt;/a&gt; – each instance owns a part of the system’s data and relies on the external component to choose a shard for a client.&lt;/li&gt;
&lt;li&gt;A &lt;a href="https://metapatterns.io/basic-metapatterns/shards/#stateless-pool-instances-replicated-stateless-services-work-queue"&gt;&lt;em&gt;Pool of stateless instances&lt;/em&gt;&lt;/a&gt; with a &lt;a href="https://metapatterns.io/extension-metapatterns/proxy/#load-balancer-sharding-proxy-cell-router-messaging-grid-scheduler"&gt;&lt;em&gt;Load Balancer&lt;/em&gt;&lt;/a&gt; and a &lt;a href="https://metapatterns.io/extension-metapatterns/shared-repository/#shared-database-integration-database-data-domain-database-of-service-based-architecture"&gt;&lt;em&gt;Shared Database&lt;/em&gt;&lt;/a&gt; – any instance can process any request, but the database limits the throughput.&lt;/li&gt;
&lt;li&gt;A &lt;a href="https://metapatterns.io/basic-metapatterns/shards/#temporary-state-create-on-demand"&gt;&lt;em&gt;stateful instance per client&lt;/em&gt;&lt;/a&gt; with an external persistent storage – each instance owns the data related to its client and runs in a virtual environment (i.e. web browser or an &lt;a href="https://metapatterns.io/basic-metapatterns/services/#distributed-runtime-function-as-a-service-faas-including-nanoservices-backend-actors"&gt;actor framework&lt;/a&gt;).&lt;/li&gt;
&lt;/ul&gt;
&lt;h2 id="implement-a-mesh-of-self-managed-shards"&gt;Implement a Mesh of self-managed shards&lt;a class="anchor" href="#implement-a-mesh-of-self-managed-shards"&gt;#&lt;/a&gt;&lt;/h2&gt;
&lt;figure&gt;
&lt;a href="https://metapatterns.io/diagrams/Evolutions/Monolith/Monolith%20to%20Mesh%20of%20Shards.png"&gt;
&lt;picture&gt;
&lt;source srcset="https://metapatterns.io/diagrams/Evolutions/Monolith/Monolith%20to%20Mesh%20of%20Shards.svg" media="(prefers-color-scheme: light)"/&gt;
&lt;source srcset="https://metapatterns.io/diagrams/Evolutions/Monolith/Monolith%20to%20Mesh%20of%20Shards.dark.svg" media="(prefers-color-scheme: dark)"/&gt;
&lt;img src="https://metapatterns.io/diagrams/Evolutions/Monolith/Monolith%20to%20Mesh%20of%20Shards.png" alt="Monolith to Mesh of Shards" loading="lazy" width="1103" height="343" style="width:100%"/&gt;
&lt;/picture&gt;
&lt;/a&gt;
&lt;/figure&gt;
&lt;p&gt;&lt;ins&gt;Patterns&lt;/ins&gt;: &lt;a href="https://metapatterns.io/basic-metapatterns/shards/#persistent-slice-sharding-shards-partitions-cells-amazon-definition"&gt;Sharding&lt;/a&gt; (&lt;a href="https://metapatterns.io/basic-metapatterns/shards/"&gt;Shards&lt;/a&gt;), &lt;a href="https://metapatterns.io/implementation-metapatterns/mesh/"&gt;Mesh&lt;/a&gt;.&lt;/p&gt;</description></item><item><title>Evolutions of a Monolith that result in Layers</title><link>https://metapatterns.io/appendices/evolutions-of-architectures/evolutions-of-a-monolith-that-result-in-layers/</link><pubDate>Mon, 01 Jan 0001 00:00:00 +0000</pubDate><guid>https://metapatterns.io/appendices/evolutions-of-architectures/evolutions-of-a-monolith-that-result-in-layers/</guid><description>&lt;h1 id="evolutions-of-a-monolith-that-result-in-layers"&gt;Evolutions of a Monolith that result in Layers&lt;/h1&gt;
&lt;p&gt;Another drawback of &lt;a href="https://metapatterns.io/basic-metapatterns/monolith/"&gt;&lt;em&gt;Monolith&lt;/em&gt;&lt;/a&gt; is its … er … monolithism. The entire application exposes a single set of qualities and all its parts (if they ever emerge) are deployed together. However, life awards flexibility: parts of a system may benefit from being written in varying languages and styles, deployed with different frequency and amount of testing, sometimes to specific hardware or end users’ devices. They may need to &lt;a href="https://metapatterns.io/foundations-of-software-architecture/forces--asynchronicity--and-distribution/#distribution"&gt;vary in security and scalability&lt;/a&gt; as well. Enter &lt;a href="https://metapatterns.io/basic-metapatterns/layers/"&gt;&lt;em&gt;Layers&lt;/em&gt;&lt;/a&gt; – a subdivision by the &lt;em&gt;level of abstractness&lt;/em&gt;:&lt;/p&gt;</description></item><item><title>Evolutions of a Monolith that make Services</title><link>https://metapatterns.io/appendices/evolutions-of-architectures/evolutions-of-a-monolith-that-make-services/</link><pubDate>Mon, 01 Jan 0001 00:00:00 +0000</pubDate><guid>https://metapatterns.io/appendices/evolutions-of-architectures/evolutions-of-a-monolith-that-make-services/</guid><description>&lt;h1 id="evolutions-of-a-monolith-that-make-services"&gt;Evolutions of a Monolith that make Services&lt;/h1&gt;
&lt;p&gt;The final major drawback of &lt;a href="https://metapatterns.io/basic-metapatterns/monolith/"&gt;&lt;em&gt;Monolith&lt;/em&gt;&lt;/a&gt; is the cohesiveness of its code. The rapid start of development begets a major obstacle for project growth: every developer needs to know the entire codebase to be productive and changes made by individual developers overlap and may break each other. Such distress is usually solved by dividing the project into components along &lt;em&gt;subdomain boundaries&lt;/em&gt; (which tend to match &lt;a href="https://martinfowler.com/bliki/BoundedContext.html"&gt;&lt;em&gt;bounded contexts&lt;/em&gt;&lt;/a&gt; [&lt;a href="https://metapatterns.io/appendices/books-referenced/#ddd"&gt;DDD&lt;/a&gt;]). However, that requires a lot of work, and good boundaries and APIs are &lt;a href="https://martinfowler.com/bliki/MonolithFirst.html"&gt;hard to design&lt;/a&gt;. Thus many organizations prefer a slower iterative transition.&lt;/p&gt;</description></item><item><title>Evolutions of a Monolith that rely on Plugins</title><link>https://metapatterns.io/appendices/evolutions-of-architectures/evolutions-of-a-monolith-that-rely-on-plugins/</link><pubDate>Mon, 01 Jan 0001 00:00:00 +0000</pubDate><guid>https://metapatterns.io/appendices/evolutions-of-architectures/evolutions-of-a-monolith-that-rely-on-plugins/</guid><description>&lt;h1 id="evolutions-of-a-monolith-that-rely-on-plugins"&gt;Evolutions of a Monolith that rely on Plugins&lt;/h1&gt;
&lt;p&gt;The last group of evolutions which we review does not really change the monolithic nature of the application. Instead, its goal is to improve the &lt;em&gt;customizability&lt;/em&gt; of the &lt;a href="https://metapatterns.io/basic-metapatterns/monolith/"&gt;&lt;em&gt;Monolith&lt;/em&gt;&lt;/a&gt;:&lt;/p&gt;
&lt;ul&gt;
&lt;li&gt;Vanilla &lt;a href="https://metapatterns.io/implementation-metapatterns/plugins/"&gt;&lt;em&gt;Plugins&lt;/em&gt;&lt;/a&gt; is the most direct approach which relies on replaceable bits of logic.&lt;/li&gt;
&lt;li&gt;&lt;a href="https://metapatterns.io/implementation-metapatterns/hexagonal-architecture/"&gt;&lt;em&gt;Hexagonal Architecture&lt;/em&gt;&lt;/a&gt; is a subtype of &lt;em&gt;Plugins&lt;/em&gt; which is all about isolating the main code from any third-party components it uses.&lt;/li&gt;
&lt;li&gt;&lt;a href="https://metapatterns.io/implementation-metapatterns/microkernel/#interpreter-script-domain-specific-language-dsl"&gt;&lt;em&gt;Scripts&lt;/em&gt;&lt;/a&gt; is a kind of &lt;a href="https://metapatterns.io/implementation-metapatterns/microkernel/"&gt;&lt;em&gt;Microkernel&lt;/em&gt;&lt;/a&gt; – yet another subtype of &lt;em&gt;Plugins&lt;/em&gt; – which gives users of the system full control over its behavior.&lt;/li&gt;
&lt;/ul&gt;
&lt;h2 id="support-plugins"&gt;Support plugins&lt;a class="anchor" href="#support-plugins"&gt;#&lt;/a&gt;&lt;/h2&gt;
&lt;figure&gt;
&lt;a href="https://metapatterns.io/diagrams/Evolutions/Monolith/Monolith%20to%20Plugins.png"&gt;
&lt;picture&gt;
&lt;source srcset="https://metapatterns.io/diagrams/Evolutions/Monolith/Monolith%20to%20Plugins.svg" media="(prefers-color-scheme: light)"/&gt;
&lt;source srcset="https://metapatterns.io/diagrams/Evolutions/Monolith/Monolith%20to%20Plugins.dark.svg" media="(prefers-color-scheme: dark)"/&gt;
&lt;img src="https://metapatterns.io/diagrams/Evolutions/Monolith/Monolith%20to%20Plugins.png" alt="Monolith to Plugins" loading="lazy" width="1003" height="363" style="width:100%"/&gt;
&lt;/picture&gt;
&lt;/a&gt;
&lt;/figure&gt;
&lt;p&gt;&lt;ins&gt;Patterns&lt;/ins&gt;: &lt;a href="https://metapatterns.io/implementation-metapatterns/plugins/"&gt;Plugins&lt;/a&gt;.&lt;/p&gt;</description></item><item><title>Evolutions of Shards that share data</title><link>https://metapatterns.io/appendices/evolutions-of-architectures/evolutions-of-shards-that-share-data/</link><pubDate>Mon, 01 Jan 0001 00:00:00 +0000</pubDate><guid>https://metapatterns.io/appendices/evolutions-of-architectures/evolutions-of-shards-that-share-data/</guid><description>&lt;h1 id="evolutions-of-shards-that-share-data"&gt;Evolutions of Shards that share data&lt;/h1&gt;
&lt;p&gt;One issue peculiar to &lt;a href="https://metapatterns.io/basic-metapatterns/shards/"&gt;&lt;em&gt;Shards&lt;/em&gt;&lt;/a&gt; is that of coordinating the instances deployed, especially if their data become coupled. The most direct solution is to let the instances operate a component that wraps the shared data:&lt;/p&gt;
&lt;ul&gt;
&lt;li&gt;If the whole dataset needs to be shared, it can be split into a &lt;a href="https://metapatterns.io/extension-metapatterns/shared-repository/"&gt;&lt;em&gt;Shared Repository&lt;/em&gt;&lt;/a&gt; layer.&lt;/li&gt;
&lt;li&gt;If data collisions are tolerated, &lt;a href="https://metapatterns.io/implementation-metapatterns/mesh/#space-based-architecture"&gt;&lt;em&gt;Space-Based Architecture&lt;/em&gt;&lt;/a&gt; promises low latency and dynamic scalability.&lt;/li&gt;
&lt;li&gt;If a part of the system’s data becomes coupled, only that part can be moved to a &lt;em&gt;Shared Repository&lt;/em&gt;, causing each instance to manage two data stores: &lt;a href="https://metapatterns.io/fragmented-metapatterns/polyglot-persistence/#private-and-shared-databases"&gt;private and shared&lt;/a&gt;.&lt;/li&gt;
&lt;li&gt;Another option is to split out a &lt;a href="https://metapatterns.io/basic-metapatterns/services/"&gt;&lt;em&gt;service&lt;/em&gt;&lt;/a&gt; to own the coupled data and always deploy it as a single instance. The remaining parts of the system become coupled to that service, not each other.&lt;/li&gt;
&lt;/ul&gt;
&lt;h2 id="move-all-the-data-to-a-shared-repository"&gt;Move all the data to a Shared Repository&lt;a class="anchor" href="#move-all-the-data-to-a-shared-repository"&gt;#&lt;/a&gt;&lt;/h2&gt;
&lt;figure&gt;
&lt;a href="https://metapatterns.io/diagrams/Evolutions/Shards/Shards%20to%20Shared%20DB.png"&gt;
&lt;picture&gt;
&lt;source srcset="https://metapatterns.io/diagrams/Evolutions/Shards/Shards%20to%20Shared%20DB.svg" media="(prefers-color-scheme: light)"/&gt;
&lt;source srcset="https://metapatterns.io/diagrams/Evolutions/Shards/Shards%20to%20Shared%20DB.dark.svg" media="(prefers-color-scheme: dark)"/&gt;
&lt;img src="https://metapatterns.io/diagrams/Evolutions/Shards/Shards%20to%20Shared%20DB.png" alt="Shards to Shared DB" loading="lazy" width="1055" height="324" style="width:100%"/&gt;
&lt;/picture&gt;
&lt;/a&gt;
&lt;/figure&gt;
&lt;p&gt;&lt;ins&gt;Patterns&lt;/ins&gt;: &lt;a href="https://metapatterns.io/basic-metapatterns/shards/#stateless-pool-instances-replicated-stateless-services-work-queue"&gt;Pool&lt;/a&gt; (&lt;a href="https://metapatterns.io/basic-metapatterns/shards/"&gt;Shards&lt;/a&gt;), &lt;a href="https://metapatterns.io/extension-metapatterns/shared-repository/#shared-database-integration-database-data-domain-database-of-service-based-architecture"&gt;Shared Database&lt;/a&gt; (&lt;a href="https://metapatterns.io/extension-metapatterns/shared-repository/"&gt;Shared Repository&lt;/a&gt;), &lt;a href="https://metapatterns.io/extension-metapatterns/proxy/#load-balancer-sharding-proxy-cell-router-messaging-grid-scheduler"&gt;Load Balancer&lt;/a&gt; (&lt;a href="https://metapatterns.io/extension-metapatterns/proxy/"&gt;Proxy&lt;/a&gt;), &lt;a href="https://metapatterns.io/basic-metapatterns/layers/"&gt;Layers&lt;/a&gt;.&lt;/p&gt;</description></item><item><title>Evolutions of Shards that share logic</title><link>https://metapatterns.io/appendices/evolutions-of-architectures/evolutions-of-shards-that-share-logic/</link><pubDate>Mon, 01 Jan 0001 00:00:00 +0000</pubDate><guid>https://metapatterns.io/appendices/evolutions-of-architectures/evolutions-of-shards-that-share-logic/</guid><description>&lt;h1 id="evolutions-of-shards-that-share-logic"&gt;Evolutions of Shards that share logic&lt;/h1&gt;
&lt;p&gt;Other cases are better solved by extracting the logic that manipulates multiple &lt;a href="https://metapatterns.io/basic-metapatterns/shards/"&gt;&lt;em&gt;shards&lt;/em&gt;&lt;/a&gt;:&lt;/p&gt;
&lt;ul&gt;
&lt;li&gt;Splitting a &lt;a href="https://metapatterns.io/basic-metapatterns/services/"&gt;&lt;em&gt;service&lt;/em&gt;&lt;/a&gt; (as discussed &lt;a href="https://metapatterns.io/appendices/evolutions-of-architectures/evolutions-of-shards-that-share-data/#split-a-service-with-the-coupled-data"&gt;above&lt;/a&gt;) yields a component that represents both shared data and shared logic.&lt;/li&gt;
&lt;li&gt;Adding a &lt;a href="https://metapatterns.io/extension-metapatterns/middleware/"&gt;&lt;em&gt;Middleware&lt;/em&gt;&lt;/a&gt; lets the shards communicate with each other without keeping direct connections. It also may do housekeeping: error recovery, replication, and scaling.&lt;/li&gt;
&lt;li&gt;A &lt;a href="https://metapatterns.io/extension-metapatterns/proxy/#load-balancer-sharding-proxy-cell-router-messaging-grid-scheduler"&gt;&lt;em&gt;Sharding Proxy&lt;/em&gt;&lt;/a&gt; hides the existence of the shards from clients.&lt;/li&gt;
&lt;li&gt;An &lt;a href="https://metapatterns.io/extension-metapatterns/orchestrator/"&gt;&lt;em&gt;Orchestrator&lt;/em&gt;&lt;/a&gt; calls (or messages) multiple shards to serve a user request. That relieves the shards of the need to coordinate their states and actions by themselves.&lt;/li&gt;
&lt;/ul&gt;
&lt;h2 id="add-a-middleware"&gt;Add a Middleware&lt;a class="anchor" href="#add-a-middleware"&gt;#&lt;/a&gt;&lt;/h2&gt;
&lt;figure&gt;
&lt;a href="https://metapatterns.io/diagrams/Evolutions/Shards/Shards%20add%20Middleware.png"&gt;
&lt;picture&gt;
&lt;source srcset="https://metapatterns.io/diagrams/Evolutions/Shards/Shards%20add%20Middleware.svg" media="(prefers-color-scheme: light)"/&gt;
&lt;source srcset="https://metapatterns.io/diagrams/Evolutions/Shards/Shards%20add%20Middleware.dark.svg" media="(prefers-color-scheme: dark)"/&gt;
&lt;img src="https://metapatterns.io/diagrams/Evolutions/Shards/Shards%20add%20Middleware.png" alt="Shards add Middleware" loading="lazy" width="1065" height="324" style="width:100%"/&gt;
&lt;/picture&gt;
&lt;/a&gt;
&lt;/figure&gt;
&lt;p&gt;&lt;ins&gt;Patterns&lt;/ins&gt;: &lt;a href="https://metapatterns.io/basic-metapatterns/shards/"&gt;Shards&lt;/a&gt;, &lt;a href="https://metapatterns.io/extension-metapatterns/middleware/"&gt;Middleware&lt;/a&gt;, &lt;a href="https://metapatterns.io/basic-metapatterns/layers/"&gt;Layers&lt;/a&gt;.&lt;/p&gt;</description></item><item><title>Evolutions of Layers that make more layers</title><link>https://metapatterns.io/appendices/evolutions-of-architectures/evolutions-of-layers-that-make-more-layers/</link><pubDate>Mon, 01 Jan 0001 00:00:00 +0000</pubDate><guid>https://metapatterns.io/appendices/evolutions-of-architectures/evolutions-of-layers-that-make-more-layers/</guid><description>&lt;h1 id="evolutions-of-layers-that-make-more-layers"&gt;Evolutions of Layers that make more layers&lt;/h1&gt;
&lt;p&gt;Not all the layered architectures are equally layered. A &lt;a href="https://metapatterns.io/basic-metapatterns/monolith/"&gt;&lt;em&gt;Monolith&lt;/em&gt;&lt;/a&gt; with a &lt;a href="https://metapatterns.io/extension-metapatterns/proxy/"&gt;&lt;em&gt;Proxy&lt;/em&gt;&lt;/a&gt; or database has already stepped into the realm of &lt;a href="https://metapatterns.io/basic-metapatterns/layers/"&gt;&lt;em&gt;Layers&lt;/em&gt;&lt;/a&gt; but is far from reaping all of its benefits. It may continue its journey in a few ways that &lt;a href="https://metapatterns.io/appendices/evolutions-of-architectures/evolutions-of-a-monolith-that-result-in-layers/"&gt;were earlier discussed&lt;/a&gt; for &lt;em&gt;Monolith&lt;/em&gt;:&lt;/p&gt;
&lt;ul&gt;
&lt;li&gt;Employing a &lt;em&gt;database&lt;/em&gt; (if you don’t use one) lets you rely on a thoroughly optimized state-of-the-art subsystem for data processing and storage.&lt;/li&gt;
&lt;li&gt;&lt;a href="https://metapatterns.io/extension-metapatterns/proxy/"&gt;&lt;em&gt;Proxies&lt;/em&gt;&lt;/a&gt; are similarly reusable generic modules to be added at will.&lt;/li&gt;
&lt;li&gt;Implementing an &lt;a href="https://metapatterns.io/extension-metapatterns/orchestrator/"&gt;&lt;em&gt;Orchestrator&lt;/em&gt;&lt;/a&gt; on top of your system may improve programming experience and runtime performance for your clients.&lt;/li&gt;
&lt;/ul&gt;
&lt;figure&gt;
&lt;a href="https://metapatterns.io/diagrams/Evolutions/Layers/Layers%20to%20Layers.png"&gt;
&lt;picture&gt;
&lt;source srcset="https://metapatterns.io/diagrams/Evolutions/Layers/Layers%20to%20Layers.svg" media="(prefers-color-scheme: light)"/&gt;
&lt;source srcset="https://metapatterns.io/diagrams/Evolutions/Layers/Layers%20to%20Layers.dark.svg" media="(prefers-color-scheme: dark)"/&gt;
&lt;img src="https://metapatterns.io/diagrams/Evolutions/Layers/Layers%20to%20Layers.png" alt="Layers to Layers" loading="lazy" width="943" height="424" style="width:100%"/&gt;
&lt;/picture&gt;
&lt;/a&gt;
&lt;/figure&gt;
&lt;p&gt;It is also common to:&lt;/p&gt;</description></item><item><title>Evolutions of Layers that help large projects</title><link>https://metapatterns.io/appendices/evolutions-of-architectures/evolutions-of-layers-that-help-large-projects/</link><pubDate>Mon, 01 Jan 0001 00:00:00 +0000</pubDate><guid>https://metapatterns.io/appendices/evolutions-of-architectures/evolutions-of-layers-that-help-large-projects/</guid><description>&lt;h1 id="evolutions-of-layers-that-help-large-projects"&gt;Evolutions of Layers that help large projects&lt;/h1&gt;
&lt;p&gt;The main drawback (and benefit) of &lt;a href="https://metapatterns.io/basic-metapatterns/layers/"&gt;&lt;em&gt;Layers&lt;/em&gt;&lt;/a&gt; is that much or all of the business logic is kept together in one or two components. That allows for easy debugging and fast development in the initial stages of the project but slows down and complicates work as the project &lt;a href="https://metapatterns.io/analytics/architecture-and-product-life-cycle/#youth-development-of-features--fragmented-architectures"&gt;grows in size&lt;/a&gt;. The only way for a growing project to survive and continue evolving at a reasonable speed is to divide its business logic into several smaller, thus less &lt;a href="https://metapatterns.io/foundations-of-software-architecture/modules-and-complexity/"&gt;complex&lt;/a&gt;, components that match subdomains (&lt;em&gt;bounded contexts&lt;/em&gt; [&lt;a href="https://metapatterns.io/appendices/books-referenced/#ddd"&gt;DDD&lt;/a&gt;]). There are several options for such a change whose applicability depends on the domain:&lt;/p&gt;</description></item><item><title>Evolutions of Layers to improve performance</title><link>https://metapatterns.io/appendices/evolutions-of-architectures/evolutions-of-layers-to-improve-performance/</link><pubDate>Mon, 01 Jan 0001 00:00:00 +0000</pubDate><guid>https://metapatterns.io/appendices/evolutions-of-architectures/evolutions-of-layers-to-improve-performance/</guid><description>&lt;h1 id="evolutions-of-layers-to-improve-performance"&gt;Evolutions of Layers to improve performance&lt;/h1&gt;
&lt;p&gt;There are several ways to improve the performance of a &lt;a href="https://metapatterns.io/basic-metapatterns/layers/"&gt;&lt;em&gt;layered system&lt;/em&gt;&lt;/a&gt;. One we have &lt;a href="https://metapatterns.io/appendices/evolutions-of-architectures/evolutions-of-shards-that-share-data/#use-space-based-architecture"&gt;already discussed&lt;/a&gt; for &lt;a href="https://metapatterns.io/basic-metapatterns/shards/"&gt;&lt;em&gt;Shards&lt;/em&gt;&lt;/a&gt;:&lt;/p&gt;
&lt;ul&gt;
&lt;li&gt;&lt;a href="https://metapatterns.io/implementation-metapatterns/mesh/#space-based-architecture"&gt;&lt;em&gt;Space-Based Architecture&lt;/em&gt;&lt;/a&gt; co-locates the database and business logic and scales both dynamically.&lt;/li&gt;
&lt;/ul&gt;
&lt;figure&gt;
&lt;a href="https://metapatterns.io/diagrams/Evolutions/Layers/Layers%20to%20Space-Based%20Architecture.png"&gt;
&lt;picture&gt;
&lt;source srcset="https://metapatterns.io/diagrams/Evolutions/Layers/Layers%20to%20Space-Based%20Architecture.svg" media="(prefers-color-scheme: light)"/&gt;
&lt;source srcset="https://metapatterns.io/diagrams/Evolutions/Layers/Layers%20to%20Space-Based%20Architecture.dark.svg" media="(prefers-color-scheme: dark)"/&gt;
&lt;img src="https://metapatterns.io/diagrams/Evolutions/Layers/Layers%20to%20Space-Based%20Architecture.png" alt="Layers to Space-Based Architecture" loading="lazy" width="1051" height="264" style="width:100%"/&gt;
&lt;/picture&gt;
&lt;/a&gt;
&lt;/figure&gt;
&lt;p&gt;Others are new here and thus deserve more attention:&lt;/p&gt;
&lt;ul&gt;
&lt;li&gt;Merging several layers improves latency by eliminating the communication overhead.&lt;/li&gt;
&lt;li&gt;Scaling some of the layers may improve throughput but degrade latency.&lt;/li&gt;
&lt;li&gt;&lt;a href="https://metapatterns.io/fragmented-metapatterns/polyglot-persistence/"&gt;&lt;em&gt;Polyglot Persistence&lt;/em&gt;&lt;/a&gt; is the name for using multiple specialized databases.&lt;/li&gt;
&lt;/ul&gt;
&lt;h2 id="merge-several-layers"&gt;Merge several layers&lt;a class="anchor" href="#merge-several-layers"&gt;#&lt;/a&gt;&lt;/h2&gt;
&lt;figure&gt;
&lt;a href="https://metapatterns.io/diagrams/Evolutions/Layers/Layers%20Merge.png"&gt;
&lt;picture&gt;
&lt;source srcset="https://metapatterns.io/diagrams/Evolutions/Layers/Layers%20Merge.svg" media="(prefers-color-scheme: light)"/&gt;
&lt;source srcset="https://metapatterns.io/diagrams/Evolutions/Layers/Layers%20Merge.dark.svg" media="(prefers-color-scheme: dark)"/&gt;
&lt;img src="https://metapatterns.io/diagrams/Evolutions/Layers/Layers%20Merge.png" alt="Layers Merge" loading="lazy" width="1023" height="243" style="width:100%"/&gt;
&lt;/picture&gt;
&lt;/a&gt;
&lt;/figure&gt;
&lt;p&gt;&lt;ins&gt;Patterns&lt;/ins&gt;: &lt;a href="https://metapatterns.io/basic-metapatterns/layers/"&gt;Layers&lt;/a&gt; or &lt;a href="https://metapatterns.io/basic-metapatterns/monolith/"&gt;Monolith&lt;/a&gt;&lt;/p&gt;</description></item><item><title>Evolutions of Layers to gain flexibility</title><link>https://metapatterns.io/appendices/evolutions-of-architectures/evolutions-of-layers-to-gain-flexibility/</link><pubDate>Mon, 01 Jan 0001 00:00:00 +0000</pubDate><guid>https://metapatterns.io/appendices/evolutions-of-architectures/evolutions-of-layers-to-gain-flexibility/</guid><description>&lt;h1 id="evolutions-of-layers-to-gain-flexibility"&gt;Evolutions of Layers to gain flexibility&lt;/h1&gt;
&lt;p&gt;The last group of evolutions to consider is about making the system more adaptable. We have &lt;a href="https://metapatterns.io/appendices/evolutions-of-architectures/evolutions-of-a-monolith-that-rely-on-plugins/"&gt;already discussed&lt;/a&gt; the following evolutions for &lt;a href="https://metapatterns.io/basic-metapatterns/monolith/"&gt;&lt;em&gt;Monolith&lt;/em&gt;&lt;/a&gt;:&lt;/p&gt;
&lt;ul&gt;
&lt;li&gt;The behavior of the system may be modified through &lt;a href="https://metapatterns.io/implementation-metapatterns/plugins/"&gt;&lt;em&gt;Plugins&lt;/em&gt;&lt;/a&gt;.&lt;/li&gt;
&lt;li&gt;&lt;a href="https://metapatterns.io/implementation-metapatterns/hexagonal-architecture/"&gt;&lt;em&gt;Hexagonal Architecture&lt;/em&gt;&lt;/a&gt; protects the business logic from dependencies on libraries and databases.&lt;/li&gt;
&lt;li&gt;&lt;a href="https://metapatterns.io/implementation-metapatterns/microkernel/#interpreter-script-domain-specific-language-dsl"&gt;&lt;em&gt;Scripts&lt;/em&gt;&lt;/a&gt; allow for customization of the system’s logic on a per client basis.&lt;/li&gt;
&lt;/ul&gt;
&lt;figure&gt;
&lt;a href="https://metapatterns.io/diagrams/Evolutions/Monolith/Monolith%20to%20Layers%20-%20Further%202.png"&gt;
&lt;picture&gt;
&lt;source srcset="https://metapatterns.io/diagrams/Evolutions/Monolith/Monolith%20to%20Layers%20-%20Further%202.svg" media="(prefers-color-scheme: light)"/&gt;
&lt;source srcset="https://metapatterns.io/diagrams/Evolutions/Monolith/Monolith%20to%20Layers%20-%20Further%202.dark.svg" media="(prefers-color-scheme: dark)"/&gt;
&lt;img src="https://metapatterns.io/diagrams/Evolutions/Monolith/Monolith%20to%20Layers%20-%20Further%202.png" alt="Monolith to Layers - Further 2" loading="lazy" width="983" height="461" style="width:100%"/&gt;
&lt;/picture&gt;
&lt;/a&gt;
&lt;/figure&gt;
&lt;p&gt;There is also a new evolution that modifies the upper (orchestration) layer:&lt;/p&gt;</description></item><item><title>Evolutions of Services that add or remove services</title><link>https://metapatterns.io/appendices/evolutions-of-architectures/evolutions-of-services-that-add-or-remove-services/</link><pubDate>Mon, 01 Jan 0001 00:00:00 +0000</pubDate><guid>https://metapatterns.io/appendices/evolutions-of-architectures/evolutions-of-services-that-add-or-remove-services/</guid><description>&lt;h1 id="evolutions-of-services-that-add-or-remove-services"&gt;Evolutions of Services that add or remove services&lt;/h1&gt;
&lt;p&gt;&lt;a href="https://metapatterns.io/basic-metapatterns/services/"&gt;&lt;em&gt;Services&lt;/em&gt;&lt;/a&gt; work well when each service matches a subdomain and is developed by a single team. If those premises change, you’ll need to restructure the system:&lt;/p&gt;
&lt;ul&gt;
&lt;li&gt;A new feature request may emerge outside of any of the existing subdomains, creating a new service.&lt;/li&gt;
&lt;li&gt;A service may grow too large to be developed by a single team, calling for division.&lt;/li&gt;
&lt;li&gt;Two services may become so strongly coupled that they fare better when merged together.&lt;/li&gt;
&lt;li&gt;The entire system may need to be glued back into a &lt;a href="https://metapatterns.io/basic-metapatterns/monolith/"&gt;&lt;em&gt;Monolith&lt;/em&gt;&lt;/a&gt; if domain knowledge changes or interservice communication strongly degrades performance.&lt;/li&gt;
&lt;/ul&gt;
&lt;h2 id="add-or-split-a-service"&gt;Add or split a service&lt;a class="anchor" href="#add-or-split-a-service"&gt;#&lt;/a&gt;&lt;/h2&gt;
&lt;figure&gt;
&lt;a href="https://metapatterns.io/diagrams/Evolutions/Services/Services_%20Split.png"&gt;
&lt;picture&gt;
&lt;source srcset="https://metapatterns.io/diagrams/Evolutions/Services/Services_%20Split.svg" media="(prefers-color-scheme: light)"/&gt;
&lt;source srcset="https://metapatterns.io/diagrams/Evolutions/Services/Services_%20Split.dark.svg" media="(prefers-color-scheme: dark)"/&gt;
&lt;img src="https://metapatterns.io/diagrams/Evolutions/Services/Services_%20Split.png" alt="Services: Split" loading="lazy" width="1303" height="251" style="width:100%"/&gt;
&lt;/picture&gt;
&lt;/a&gt;
&lt;/figure&gt;
&lt;p&gt;&lt;ins&gt;Patterns&lt;/ins&gt;: &lt;a href="https://metapatterns.io/basic-metapatterns/services/"&gt;Services&lt;/a&gt;.&lt;/p&gt;</description></item><item><title>Evolutions of Services that add layers</title><link>https://metapatterns.io/appendices/evolutions-of-architectures/evolutions-of-services-that-add-layers/</link><pubDate>Mon, 01 Jan 0001 00:00:00 +0000</pubDate><guid>https://metapatterns.io/appendices/evolutions-of-architectures/evolutions-of-services-that-add-layers/</guid><description>&lt;h1 id="evolutions-of-services-that-add-layers"&gt;Evolutions of Services that add layers&lt;/h1&gt;
&lt;p&gt;The most common modifications to a &lt;a href="https://metapatterns.io/basic-metapatterns/services/"&gt;system of &lt;em&gt;Services&lt;/em&gt;&lt;/a&gt; involve supplementary system-wide &lt;em&gt;layers&lt;/em&gt; which compensate for the inability of the &lt;em&gt;Services&lt;/em&gt; to share anything among themselves:&lt;/p&gt;
&lt;ul&gt;
&lt;li&gt;A &lt;a href="https://metapatterns.io/extension-metapatterns/middleware/"&gt;&lt;em&gt;Middleware&lt;/em&gt;&lt;/a&gt; knows of all the deployed service &lt;a href="https://metapatterns.io/basic-metapatterns/shards/#stateless-pool-instances-replicated-stateless-services-work-queue"&gt;instances&lt;/a&gt;. It mediates communication between them and may manage their scaling and failure recovery.&lt;/li&gt;
&lt;li&gt;&lt;a href="https://metapatterns.io/extension-metapatterns/proxy/#on-the-system-side-sidecar"&gt;&lt;em&gt;Sidecars&lt;/em&gt;&lt;/a&gt; [&lt;a href="https://metapatterns.io/appendices/books-referenced/#dds"&gt;DDS&lt;/a&gt;] of a &lt;a href="https://metapatterns.io/implementation-metapatterns/mesh/#service-mesh"&gt;&lt;em&gt;Service Mesh&lt;/em&gt;&lt;/a&gt; make a virtual layer of &lt;a href="https://metapatterns.io/analytics/comparison-of-architectural-patterns/sharing-functionality-or-data-among-services/"&gt;shared libraries&lt;/a&gt; for the &lt;a href="https://metapatterns.io/basic-metapatterns/services/#microservices"&gt;&lt;em&gt;Microservices&lt;/em&gt;&lt;/a&gt; it hosts.&lt;/li&gt;
&lt;li&gt;A &lt;a href="https://metapatterns.io/extension-metapatterns/shared-repository/#shared-database-integration-database-data-domain-database-of-service-based-architecture"&gt;&lt;em&gt;Shared Database&lt;/em&gt;&lt;/a&gt; simplifies the initial phases of development and provides data consistency and &lt;a href="https://metapatterns.io/foundations-of-software-architecture/arranging-communication/shared-data/"&gt;interservice communication&lt;/a&gt;.&lt;/li&gt;
&lt;li&gt;&lt;a href="https://metapatterns.io/extension-metapatterns/proxy/"&gt;&lt;em&gt;Proxies&lt;/em&gt;&lt;/a&gt; stand between the system and its clients and take care of shared aspects that otherwise would need to be implemented by every service.&lt;/li&gt;
&lt;li&gt;An &lt;a href="https://metapatterns.io/extension-metapatterns/orchestrator/"&gt;&lt;em&gt;Orchestrator&lt;/em&gt;&lt;/a&gt; is the single place for the high-level logic of every use case.&lt;/li&gt;
&lt;/ul&gt;
&lt;p&gt;Those layers may also be merged into &lt;a href="https://metapatterns.io/extension-metapatterns/combined-component/"&gt;&lt;em&gt;Combined Components&lt;/em&gt;&lt;/a&gt;:&lt;/p&gt;</description></item><item><title>Evolutions of a Pipeline</title><link>https://metapatterns.io/appendices/evolutions-of-architectures/evolutions-of-a-pipeline/</link><pubDate>Mon, 01 Jan 0001 00:00:00 +0000</pubDate><guid>https://metapatterns.io/appendices/evolutions-of-architectures/evolutions-of-a-pipeline/</guid><description>&lt;h1 id="evolutions-of-a-pipeline"&gt;Evolutions of a Pipeline&lt;/h1&gt;
&lt;p&gt;&lt;a href="https://metapatterns.io/basic-metapatterns/pipeline/"&gt;&lt;em&gt;Pipeline&lt;/em&gt;&lt;/a&gt; &lt;a href="https://metapatterns.io/basic-metapatterns/services/#evolutions"&gt;inherits its set of evolutions from &lt;em&gt;Services&lt;/em&gt;&lt;/a&gt;. Components can be added, split in two, merged or replaced. Many systems employ a &lt;a href="https://metapatterns.io/extension-metapatterns/middleware/"&gt;&lt;em&gt;Middleware&lt;/em&gt;&lt;/a&gt; (pub/sub or pipeline framework), &lt;a href="https://metapatterns.io/extension-metapatterns/shared-repository/"&gt;&lt;em&gt;Shared Repository&lt;/em&gt;&lt;/a&gt; (which may be a database or file system) or &lt;a href="https://metapatterns.io/extension-metapatterns/proxy/"&gt;&lt;em&gt;Proxies&lt;/em&gt;&lt;/a&gt;.&lt;/p&gt;
&lt;p&gt;There are a couple of &lt;em&gt;Pipeline&lt;/em&gt;-specific evolutions:&lt;/p&gt;
&lt;ul&gt;
&lt;li&gt;The first service of the &lt;em&gt;Pipeline&lt;/em&gt; can be promoted to &lt;a href="https://metapatterns.io/extension-metapatterns/combined-component/#front-controller"&gt;&lt;em&gt;Front Controller&lt;/em&gt;&lt;/a&gt; [&lt;a href="https://metapatterns.io/appendices/books-referenced/#sahp"&gt;SAHP&lt;/a&gt;] which tracks status updates for every request it handles.&lt;/li&gt;
&lt;li&gt;Adding an &lt;a href="https://metapatterns.io/extension-metapatterns/orchestrator/"&gt;&lt;em&gt;Orchestrator&lt;/em&gt;&lt;/a&gt; turns a &lt;a href="https://metapatterns.io/basic-metapatterns/pipeline/"&gt;&lt;em&gt;Pipeline&lt;/em&gt;&lt;/a&gt; into &lt;a href="https://metapatterns.io/basic-metapatterns/services/"&gt;&lt;em&gt;Services&lt;/em&gt;&lt;/a&gt;. As the high-level business logic moves to the orchestration layer, the services don’t need to interact directly, the interservice communication channels disappear and the system becomes identical to &lt;a href="https://metapatterns.io/extension-metapatterns/orchestrator/"&gt;&lt;em&gt;Orchestrated Services&lt;/em&gt;&lt;/a&gt;.&lt;/li&gt;
&lt;/ul&gt;
&lt;h2 id="promote-a-service-to-front-controller"&gt;Promote a service to Front Controller&lt;a class="anchor" href="#promote-a-service-to-front-controller"&gt;#&lt;/a&gt;&lt;/h2&gt;
&lt;figure&gt;
&lt;a href="https://metapatterns.io/diagrams/Evolutions/Services/Pipeline%20promote%20Front%20Controller.png"&gt;
&lt;picture&gt;
&lt;source srcset="https://metapatterns.io/diagrams/Evolutions/Services/Pipeline%20promote%20Front%20Controller.svg" media="(prefers-color-scheme: light)"/&gt;
&lt;source srcset="https://metapatterns.io/diagrams/Evolutions/Services/Pipeline%20promote%20Front%20Controller.dark.svg" media="(prefers-color-scheme: dark)"/&gt;
&lt;img src="https://metapatterns.io/diagrams/Evolutions/Services/Pipeline%20promote%20Front%20Controller.png" alt="Pipeline promote Front Controller" loading="lazy" width="1299" height="347" style="width:100%"/&gt;
&lt;/picture&gt;
&lt;/a&gt;
&lt;/figure&gt;
&lt;p&gt;&lt;ins&gt;Patterns&lt;/ins&gt;: &lt;a href="https://metapatterns.io/fragmented-metapatterns/polyglot-persistence/#query-service-front-controller-data-warehouse-data-lake-aggregate-data-product-quantum-dpq-of-data-mesh"&gt;Front Controller&lt;/a&gt; (&lt;a href="https://metapatterns.io/fragmented-metapatterns/polyglot-persistence/"&gt;Polyglot Persistence&lt;/a&gt;, &lt;a href="https://metapatterns.io/extension-metapatterns/orchestrator/"&gt;Orchestrator&lt;/a&gt;), &lt;a href="https://metapatterns.io/basic-metapatterns/pipeline/"&gt;Pipeline&lt;/a&gt; (&lt;a href="https://metapatterns.io/basic-metapatterns/services/"&gt;Services&lt;/a&gt;).&lt;/p&gt;</description></item><item><title>Evolutions of a Middleware</title><link>https://metapatterns.io/appendices/evolutions-of-architectures/evolutions-of-a-middleware/</link><pubDate>Mon, 01 Jan 0001 00:00:00 +0000</pubDate><guid>https://metapatterns.io/appendices/evolutions-of-architectures/evolutions-of-a-middleware/</guid><description>&lt;h1 id="evolutions-of-a-middleware"&gt;Evolutions of a Middleware&lt;/h1&gt;
&lt;p&gt;A &lt;a href="https://metapatterns.io/extension-metapatterns/middleware/"&gt;&lt;em&gt;Middleware&lt;/em&gt;&lt;/a&gt; is unlikely to be removed (though it may be replaced) once it is built into a system. There are few evolutions as a &lt;em&gt;Middleware&lt;/em&gt; is a third-party product and is unlikely to be messed with:&lt;/p&gt;
&lt;ul&gt;
&lt;li&gt;If the &lt;em&gt;Middleware&lt;/em&gt; in use does not fit the preferred mode of communication between some of your services, there is an option to deploy a second specialized &lt;em&gt;Middleware&lt;/em&gt;.&lt;/li&gt;
&lt;li&gt;If several existing systems need to be merged, that is accomplished by adding yet another layer of &lt;em&gt;Middleware&lt;/em&gt;, resulting in a &lt;a href="https://metapatterns.io/fragmented-metapatterns/hierarchy/#bottom-up-hierarchy-bus-of-buses-network-of-networks"&gt;&lt;em&gt;Bottom-Up Hierarchy (Bus of Buses)&lt;/em&gt;&lt;/a&gt;.&lt;/li&gt;
&lt;/ul&gt;
&lt;h2 id="add-a-secondary-middleware"&gt;Add a secondary Middleware&lt;a class="anchor" href="#add-a-secondary-middleware"&gt;#&lt;/a&gt;&lt;/h2&gt;
&lt;figure&gt;
&lt;a href="https://metapatterns.io/diagrams/Evolutions/2/Middleware%20add%20Middleware.png"&gt;
&lt;picture&gt;
&lt;source srcset="https://metapatterns.io/diagrams/Evolutions/2/Middleware%20add%20Middleware.svg" media="(prefers-color-scheme: light)"/&gt;
&lt;source srcset="https://metapatterns.io/diagrams/Evolutions/2/Middleware%20add%20Middleware.dark.svg" media="(prefers-color-scheme: dark)"/&gt;
&lt;img src="https://metapatterns.io/diagrams/Evolutions/2/Middleware%20add%20Middleware.png" alt="Middleware add Middleware" loading="lazy" width="1223" height="344" style="width:100%"/&gt;
&lt;/picture&gt;
&lt;/a&gt;
&lt;/figure&gt;
&lt;p&gt;&lt;ins&gt;Patterns&lt;/ins&gt;: &lt;a href="https://metapatterns.io/extension-metapatterns/middleware/"&gt;Middleware&lt;/a&gt;.&lt;/p&gt;</description></item><item><title>Evolutions of a Shared Repository</title><link>https://metapatterns.io/appendices/evolutions-of-architectures/evolutions-of-a-shared-repository/</link><pubDate>Mon, 01 Jan 0001 00:00:00 +0000</pubDate><guid>https://metapatterns.io/appendices/evolutions-of-architectures/evolutions-of-a-shared-repository/</guid><description>&lt;h1 id="evolutions-of-a-shared-repository"&gt;Evolutions of a Shared Repository&lt;/h1&gt;
&lt;p&gt;Once a database appears, it is unlikely to go away. I see the following evolutions to improve performance of the data layer:&lt;/p&gt;
&lt;ul&gt;
&lt;li&gt;&lt;a href="https://metapatterns.io/basic-metapatterns/shards/"&gt;&lt;em&gt;Shard&lt;/em&gt;&lt;/a&gt; the database.&lt;/li&gt;
&lt;li&gt;Use &lt;a href="https://metapatterns.io/extension-metapatterns/shared-repository/#data-grid-of-space-based-architecture-sba-replicated-cache-distributed-cache"&gt;&lt;em&gt;Space-Based Architecture&lt;/em&gt;&lt;/a&gt; for dynamic scalability.&lt;/li&gt;
&lt;li&gt;Divide the data into a private database per service.&lt;/li&gt;
&lt;li&gt;Deploy specialized databases (&lt;a href="https://metapatterns.io/fragmented-metapatterns/polyglot-persistence/"&gt;&lt;em&gt;Polyglot Persistence&lt;/em&gt;&lt;/a&gt;).&lt;/li&gt;
&lt;/ul&gt;
&lt;h2 id="shard-the-database"&gt;Shard the database&lt;a class="anchor" href="#shard-the-database"&gt;#&lt;/a&gt;&lt;/h2&gt;
&lt;figure&gt;
&lt;a href="https://metapatterns.io/diagrams/Evolutions/2/Shared%20Database_%20Shard.png"&gt;
&lt;picture&gt;
&lt;source srcset="https://metapatterns.io/diagrams/Evolutions/2/Shared%20Database_%20Shard.svg" media="(prefers-color-scheme: light)"/&gt;
&lt;source srcset="https://metapatterns.io/diagrams/Evolutions/2/Shared%20Database_%20Shard.dark.svg" media="(prefers-color-scheme: dark)"/&gt;
&lt;img src="https://metapatterns.io/diagrams/Evolutions/2/Shared%20Database_%20Shard.png" alt="Shared Database: Shard" loading="lazy" width="1303" height="324" style="width:100%"/&gt;
&lt;/picture&gt;
&lt;/a&gt;
&lt;/figure&gt;
&lt;p&gt;&lt;ins&gt;Patterns&lt;/ins&gt;: &lt;a href="https://metapatterns.io/basic-metapatterns/shards/#persistent-slice-sharding-shards-partitions-cells-amazon-definition"&gt;Sharding&lt;/a&gt; (&lt;a href="https://metapatterns.io/basic-metapatterns/shards/"&gt;Shards&lt;/a&gt;), &lt;a href="https://metapatterns.io/extension-metapatterns/shared-repository/"&gt;Shared Repository&lt;/a&gt;, maybe &lt;a href="https://metapatterns.io/extension-metapatterns/proxy/#load-balancer-sharding-proxy-cell-router-messaging-grid-scheduler"&gt;Sharding Proxy&lt;/a&gt;.&lt;/p&gt;
&lt;p&gt;&lt;ins&gt;Goal&lt;/ins&gt;: increase capacity and performance of the database.&lt;/p&gt;
&lt;p&gt;&lt;ins&gt;Prerequisite&lt;/ins&gt;: the data is shardable (consists of independent records).&lt;/p&gt;</description></item><item><title>Evolutions of a Proxy</title><link>https://metapatterns.io/appendices/evolutions-of-architectures/evolutions-of-a-proxy/</link><pubDate>Mon, 01 Jan 0001 00:00:00 +0000</pubDate><guid>https://metapatterns.io/appendices/evolutions-of-architectures/evolutions-of-a-proxy/</guid><description>&lt;h1 id="evolutions-of-a-proxy"&gt;Evolutions of a Proxy&lt;/h1&gt;
&lt;p&gt;It usually makes little sense to get rid of a &lt;a href="https://metapatterns.io/extension-metapatterns/proxy/"&gt;&lt;em&gt;Proxy&lt;/em&gt;&lt;/a&gt; once it is integrated into a system. Its only real drawback is a slight increase in latency for user requests which may be helped through creation of &lt;a href="https://metapatterns.io/extension-metapatterns/proxy/#half-proxy"&gt;bypass channels&lt;/a&gt; between the clients and a service that needs low latency. The other drawback of the pattern, the &lt;em&gt;Proxy&lt;/em&gt;’s being a single point of failure, is countered by deploying multiple instances of the &lt;em&gt;Proxy&lt;/em&gt;.&lt;/p&gt;</description></item><item><title>Evolutions of an Orchestrator</title><link>https://metapatterns.io/appendices/evolutions-of-architectures/evolutions-of-an-orchestrator/</link><pubDate>Mon, 01 Jan 0001 00:00:00 +0000</pubDate><guid>https://metapatterns.io/appendices/evolutions-of-architectures/evolutions-of-an-orchestrator/</guid><description>&lt;h1 id="evolutions-of-an-orchestrator"&gt;Evolutions of an Orchestrator&lt;/h1&gt;
&lt;p&gt;Employing an &lt;a href="https://metapatterns.io/extension-metapatterns/orchestrator/"&gt;&lt;em&gt;Orchestrator&lt;/em&gt;&lt;/a&gt; has two pitfalls:&lt;/p&gt;
&lt;ul&gt;
&lt;li&gt;The system becomes slower because too much communication is involved.&lt;/li&gt;
&lt;li&gt;A single &lt;em&gt;Orchestrator&lt;/em&gt; may be found to be too large and rigid.&lt;/li&gt;
&lt;/ul&gt;
&lt;p&gt;There is one way to counter the first point and more ways to solve the second one:&lt;/p&gt;
&lt;ul&gt;
&lt;li&gt;Subdivide the &lt;em&gt;Orchestrator&lt;/em&gt; by the system’s subdomains, forming &lt;a href="https://metapatterns.io/fragmented-metapatterns/layered-services/"&gt;&lt;em&gt;Layered Services&lt;/em&gt;&lt;/a&gt; and minimizing network communication.&lt;/li&gt;
&lt;li&gt;Subdivide the &lt;em&gt;Orchestrator&lt;/em&gt; by the type of client, forming &lt;a href="https://metapatterns.io/fragmented-metapatterns/backends-for-frontends--bff-/"&gt;&lt;em&gt;Backends for Frontends&lt;/em&gt;&lt;/a&gt;.&lt;/li&gt;
&lt;li&gt;Add another &lt;a href="https://metapatterns.io/basic-metapatterns/layers/"&gt;&lt;em&gt;layer&lt;/em&gt;&lt;/a&gt; of orchestration.&lt;/li&gt;
&lt;li&gt;Build a &lt;a href="https://metapatterns.io/fragmented-metapatterns/hierarchy/#top-down-hierarchy-orchestrator-of-orchestrators-presentation-abstraction-control-pac-hierarchical-model-view-controller-hmvc"&gt;&lt;em&gt;Top-Down Hierarchy&lt;/em&gt;&lt;/a&gt;.&lt;/li&gt;
&lt;/ul&gt;
&lt;h2 id="subdivide-to-form-layered-services"&gt;Subdivide to form Layered Services&lt;a class="anchor" href="#subdivide-to-form-layered-services"&gt;#&lt;/a&gt;&lt;/h2&gt;
&lt;figure&gt;
&lt;a href="https://metapatterns.io/diagrams/Evolutions/2/Orchestrator%20to%20Layered%20Services.png"&gt;
&lt;picture&gt;
&lt;source srcset="https://metapatterns.io/diagrams/Evolutions/2/Orchestrator%20to%20Layered%20Services.svg" media="(prefers-color-scheme: light)"/&gt;
&lt;source srcset="https://metapatterns.io/diagrams/Evolutions/2/Orchestrator%20to%20Layered%20Services.dark.svg" media="(prefers-color-scheme: dark)"/&gt;
&lt;img src="https://metapatterns.io/diagrams/Evolutions/2/Orchestrator%20to%20Layered%20Services.png" alt="Orchestrator to Layered Services" loading="lazy" width="1343" height="403" style="width:100%"/&gt;
&lt;/picture&gt;
&lt;/a&gt;
&lt;/figure&gt;
&lt;p&gt;&lt;ins&gt;Patterns&lt;/ins&gt;: &lt;a href="https://metapatterns.io/fragmented-metapatterns/layered-services/#orchestrated-three-layered-services"&gt;Orchestrated Three-Layered Services&lt;/a&gt; (&lt;a href="https://metapatterns.io/fragmented-metapatterns/layered-services/"&gt;Layered Services&lt;/a&gt; (&lt;a href="https://metapatterns.io/basic-metapatterns/services/"&gt;Services&lt;/a&gt;, &lt;a href="https://metapatterns.io/basic-metapatterns/layers/"&gt;Layers&lt;/a&gt;)).&lt;/p&gt;</description></item><item><title>Evolutions of a Combined Component</title><link>https://metapatterns.io/appendices/evolutions-of-architectures/evolutions-of-a-combined-component/</link><pubDate>Mon, 01 Jan 0001 00:00:00 +0000</pubDate><guid>https://metapatterns.io/appendices/evolutions-of-architectures/evolutions-of-a-combined-component/</guid><description>&lt;h1 id="evolutions-of-a-combined-component"&gt;Evolutions of a Combined Component&lt;/h1&gt;
&lt;p&gt;The patterns that involve &lt;em&gt;orchestration&lt;/em&gt; (&lt;a href="https://metapatterns.io/extension-metapatterns/combined-component/#api-gateway"&gt;&lt;em&gt;API Gateway&lt;/em&gt;&lt;/a&gt;, &lt;a href="https://metapatterns.io/extension-metapatterns/combined-component/#event-mediator"&gt;&lt;em&gt;Event Mediator&lt;/em&gt;&lt;/a&gt;, &lt;a href="https://metapatterns.io/extension-metapatterns/combined-component/#enterprise-service-bus-esb"&gt;&lt;em&gt;Enterprise Service Bus&lt;/em&gt;&lt;/a&gt;) may allow for &lt;a href="https://metapatterns.io/appendices/evolutions-of-architectures/evolutions-of-an-orchestrator/"&gt;most of the evolutions&lt;/a&gt; of the &lt;a href="https://metapatterns.io/extension-metapatterns/orchestrator/"&gt;&lt;em&gt;Orchestrator&lt;/em&gt;&lt;/a&gt; metapattern by deploying multiple versions of the &lt;em&gt;Combined Component&lt;/em&gt; that differ in their orchestration logic. There is also a special evolution:&lt;/p&gt;
&lt;ul&gt;
&lt;li&gt;Replace the &lt;em&gt;Combined Component&lt;/em&gt; with several specialized ones&lt;/li&gt;
&lt;/ul&gt;
&lt;h2 id="divide-into-specialized-layers"&gt;Divide into specialized layers&lt;a class="anchor" href="#divide-into-specialized-layers"&gt;#&lt;/a&gt;&lt;/h2&gt;
&lt;figure&gt;
&lt;a href="https://metapatterns.io/diagrams/Evolutions/2/Multifunctional_%20Split.png"&gt;
&lt;picture&gt;
&lt;source srcset="https://metapatterns.io/diagrams/Evolutions/2/Multifunctional_%20Split.svg" media="(prefers-color-scheme: light)"/&gt;
&lt;source srcset="https://metapatterns.io/diagrams/Evolutions/2/Multifunctional_%20Split.dark.svg" media="(prefers-color-scheme: dark)"/&gt;
&lt;img src="https://metapatterns.io/diagrams/Evolutions/2/Multifunctional_%20Split.png" alt="Multifunctional: Split" loading="lazy" width="1267" height="464" style="width:100%"/&gt;
&lt;/picture&gt;
&lt;/a&gt;
&lt;/figure&gt;
&lt;p&gt;&lt;ins&gt;Patterns&lt;/ins&gt;: &lt;a href="https://metapatterns.io/basic-metapatterns/layers/"&gt;Layers&lt;/a&gt;.&lt;/p&gt;
&lt;p&gt;&lt;ins&gt;Goal&lt;/ins&gt;: break out of &lt;em&gt;vendor lock-in&lt;/em&gt; [&lt;a href="https://metapatterns.io/appendices/books-referenced/#ddd"&gt;DDD&lt;/a&gt;], gain flexibility.&lt;/p&gt;
&lt;p&gt;&lt;ins&gt;Prerequisite&lt;/ins&gt;: you have lots of free time.&lt;/p&gt;</description></item></channel></rss>