<?xml version="1.0" encoding="utf-8" standalone="yes"?><rss version="2.0" xmlns:atom="http://www.w3.org/2005/Atom"><channel><title>Foundations of software architecture on Architectural Metapatterns</title><link>https://metapatterns.io/foundations-of-software-architecture/</link><description>Recent content in Foundations of software architecture on Architectural Metapatterns</description><generator>Hugo</generator><language>en-us</language><atom:link href="https://metapatterns.io/foundations-of-software-architecture/index.xml" rel="self" type="application/rss+xml"/><item><title>Modules and complexity</title><link>https://metapatterns.io/foundations-of-software-architecture/modules-and-complexity/</link><pubDate>Mon, 01 Jan 0001 00:00:00 +0000</pubDate><guid>https://metapatterns.io/foundations-of-software-architecture/modules-and-complexity/</guid><description>&lt;h1 id="modules-and-complexity"&gt;Modules and complexity&lt;/h1&gt;
&lt;aside&gt;
&lt;blockquote class='book-hint '&gt;
&lt;p&gt;This chapter is loosely based on &lt;a href="https://blog.pragmaticengineer.com/a-philosophy-of-software-design-review/"&gt;A Philosophy of Software Design&lt;/a&gt; by John Ousterhout and &lt;a href="https://medium.com/itnext/introduction-to-software-architecture-with-actors-part-1-89de6000e0d3"&gt;my article&lt;/a&gt;.&lt;/p&gt;
&lt;/blockquote&gt;&lt;/aside&gt;
&lt;p&gt;Any software system which we encounter is very likely to be too complex to comprehend all at once – the human mind is incapable of discerning a large number of entities and their relations. It tends to simplify reality by building abstractions: as soon as we define the many shiny pieces of metal, glass and rubber as a ‘car’ we can identify ‘highways’, ‘parking spaces’ and ‘passengers’ – we live in a world of the abstractions which we create. In the same way the software we write is built of services, processes, files, classes, procedures – modules that conceal the swarm of bits and pieces which we are powerless against. Let’s reflect on that.&lt;/p&gt;</description></item><item><title>Forces, asynchronicity, and distribution</title><link>https://metapatterns.io/foundations-of-software-architecture/forces--asynchronicity--and-distribution/</link><pubDate>Mon, 01 Jan 0001 00:00:00 +0000</pubDate><guid>https://metapatterns.io/foundations-of-software-architecture/forces--asynchronicity--and-distribution/</guid><description>&lt;h1 id="forces-asynchronicity-and-distribution"&gt;Forces, asynchronicity, and distribution&lt;/h1&gt;
&lt;p&gt;Many systems rely on asynchronous communication between their components or are distributed over a network. Why is dividing a system into modules or classes then not enough in real life?&lt;/p&gt;
&lt;h2 id="requirements-and-forces"&gt;Requirements and forces&lt;a class="anchor" href="#requirements-and-forces"&gt;#&lt;/a&gt;&lt;/h2&gt;
&lt;p&gt;Any software is built to meet a set of (explicit or implicit) &lt;em&gt;requirements&lt;/em&gt;. As a bare minimum, you as a programmer must have at least a vague vision of how your software is expected to operate. At the most, business analysts bring you volumes of incomprehensible documentation they wrote for the sole purpose of forcing you to practice [&lt;a href="https://metapatterns.io/appendices/books-referenced/#ddd"&gt;DDD&lt;/a&gt;].&lt;/p&gt;</description></item><item><title>Four kinds of software</title><link>https://metapatterns.io/foundations-of-software-architecture/four-kinds-of-software/</link><pubDate>Mon, 01 Jan 0001 00:00:00 +0000</pubDate><guid>https://metapatterns.io/foundations-of-software-architecture/four-kinds-of-software/</guid><description>&lt;h1 id="four-kinds-of-software"&gt;Four kinds of software&lt;/h1&gt;
&lt;p&gt;Software products vary in their goals which, surprisingly, determine their structure and operation. The main features of software make a fuzzy continuous space rather than a strict set of well-defined classification options. Let’s examine two of its dimensions:&lt;/p&gt;
&lt;h3 id="source-of-inputs"&gt;Source of inputs&lt;a class="anchor" href="#source-of-inputs"&gt;#&lt;/a&gt;&lt;/h3&gt;
&lt;p&gt;Some systems receive their inputs from users via text commands or UI controls, often mediated by a network protocol. Such inputs are highly meaningful, structured and compact – processing a single user command often invokes a larger part of the program’s functionality.&lt;/p&gt;</description></item></channel></rss>