<?xml version="1.0" encoding="utf-8" standalone="yes"?><rss version="2.0" xmlns:atom="http://www.w3.org/2005/Atom"><channel><title>Analytics on Architectural Metapatterns</title><link>https://metapatterns.io/analytics/</link><description>Recent content in Analytics on Architectural Metapatterns</description><generator>Hugo</generator><language>en-us</language><atom:link href="https://metapatterns.io/analytics/index.xml" rel="self" type="application/rss+xml"/><item><title>Ambiguous patterns</title><link>https://metapatterns.io/analytics/ambiguous-patterns/</link><pubDate>Mon, 01 Jan 0001 00:00:00 +0000</pubDate><guid>https://metapatterns.io/analytics/ambiguous-patterns/</guid><description>&lt;h1 id="ambiguous-patterns"&gt;Ambiguous patterns&lt;/h1&gt;
&lt;p&gt;We’ve seen a single pattern come under many names, as happens with &lt;a href="https://metapatterns.io/extension-metapatterns/orchestrator/"&gt;&lt;em&gt;Orchestrator&lt;/em&gt;&lt;/a&gt;, and also one name used for multiple topologies, as with &lt;a href="https://metapatterns.io/basic-metapatterns/services/"&gt;&lt;em&gt;Services&lt;/em&gt;&lt;/a&gt;, which may &lt;a href="https://metapatterns.io/foundations-of-software-architecture/arranging-communication/orchestration/#mutual-orchestration"&gt;orchestrate each other&lt;/a&gt;, make a &lt;a href="https://metapatterns.io/basic-metapatterns/pipeline/"&gt;&lt;em&gt;Pipeline&lt;/em&gt;&lt;/a&gt;, or be components of the &lt;a href="https://metapatterns.io/fragmented-metapatterns/service-oriented-architecture--soa-/"&gt;&lt;em&gt;Service-Oriented Architecture&lt;/em&gt;&lt;/a&gt; (&lt;em&gt;SOA&lt;/em&gt;). On top of that, there are several pattern names that are often believed to be unambiguous while each of them sees conflicting definitions in books or over the web (thanks to &lt;a href="https://martinfowler.com/bliki/SemanticDiffusion.html"&gt;&lt;em&gt;Semantic Diffusion&lt;/em&gt;&lt;/a&gt; or independent coining of the term by multiple authors). Let’s explore the last kind, which is the most dangerous both for your understanding of other people and for your time wasted in arguments.&lt;/p&gt;</description></item><item><title>Architecture and product life cycle</title><link>https://metapatterns.io/analytics/architecture-and-product-life-cycle/</link><pubDate>Mon, 01 Jan 0001 00:00:00 +0000</pubDate><guid>https://metapatterns.io/analytics/architecture-and-product-life-cycle/</guid><description>&lt;h1 id="architecture-and-product-life-cycle"&gt;Architecture and product life cycle&lt;/h1&gt;
&lt;p&gt;In my practice, a product’s architecture changes over its lifetime. For a R&amp;amp;D, when there is nobody with relevant experience on the team, it starts small, gradually gains flexibility through fragmentation, grows and restructures itself according to the ever-changing domain knowledge and business requirements, then it solidifies as the project matures and dies to performance optimizations and loss of experience as main programmers leave. In more mundane projects the first stages may be omitted, as little research needs to be done, and oftentimes a project is canceled way before its architecture succumbs under its own weight. Anyway, let’s observe the full life cycle.&lt;/p&gt;</description></item><item><title>Real-world inspirations for architectural patterns</title><link>https://metapatterns.io/analytics/real-world-inspirations-for-architectural-patterns/</link><pubDate>Mon, 01 Jan 0001 00:00:00 +0000</pubDate><guid>https://metapatterns.io/analytics/real-world-inspirations-for-architectural-patterns/</guid><description>&lt;h1 id="real-world-inspirations-for-architectural-patterns"&gt;Real-world inspirations for architectural patterns&lt;/h1&gt;
&lt;p&gt;As architectural patterns are usually technology-independent, they must mostly be shaped by the foundational principles of software engineering. And because the same principles are likely at work at every level of a software system, we may expect similar structures to appear on many levels of software, given similar circumstances – which is not always attainable, for the system-wide scope (which means that there are multiple clients and libraries) and distributed nature (which deals with faults of individual components) of many patterns of system architecture don’t have direct counterparts in smaller single-process software. Thus we expect to observe a fractal nature for the more generic patterns while narrowly specialized ones are present at only one or two scopes of software design.&lt;/p&gt;</description></item></channel></rss>