<?xml version="1.0" encoding="utf-8" standalone="yes"?><rss version="2.0" xmlns:atom="http://www.w3.org/2005/Atom"><channel><title>Basic metapatterns on Architectural Metapatterns</title><link>https://metapatterns.io/basic-metapatterns/</link><description>Recent content in Basic metapatterns on Architectural Metapatterns</description><generator>Hugo</generator><language>en-us</language><atom:link href="https://metapatterns.io/basic-metapatterns/index.xml" rel="self" type="application/rss+xml"/><item><title>Monolith</title><link>https://metapatterns.io/basic-metapatterns/monolith/</link><pubDate>Mon, 01 Jan 0001 00:00:00 +0000</pubDate><guid>https://metapatterns.io/basic-metapatterns/monolith/</guid><description>&lt;h1 id="monolith"&gt;Monolith&lt;/h1&gt;
&lt;p&gt;Let’s take a look at the simplest possible &lt;a href="https://metapatterns.io/introduction/metapatterns/"&gt;metapattern&lt;/a&gt; – &lt;em&gt;Monolith&lt;/em&gt; – and see what it can teach us.&lt;/p&gt;
&lt;figure&gt;
&lt;a href="https://metapatterns.io/diagrams/Main/Monolith.png"&gt;
&lt;picture&gt;
&lt;source srcset="https://metapatterns.io/diagrams/Main/Monolith.svg" media="(prefers-color-scheme: light)"/&gt;
&lt;source srcset="https://metapatterns.io/diagrams/Main/Monolith.dark.svg" media="(prefers-color-scheme: dark)"/&gt;
&lt;img src="https://metapatterns.io/diagrams/Main/Monolith.png" alt="Monolith" loading="lazy" width="942" height="474" style="width:100%"/&gt;
&lt;/picture&gt;
&lt;/a&gt;
&lt;/figure&gt;
&lt;p&gt;&lt;em&gt;Keep it simple, stupid!&lt;/em&gt; If you don’t need a modular design, why bother?&lt;/p&gt;
&lt;p&gt;&lt;ins&gt;Known as:&lt;/ins&gt; Monolith.&lt;/p&gt;
&lt;p&gt;&lt;ins&gt;Variants:&lt;/ins&gt;&lt;/p&gt;
&lt;p&gt;By internal structure:&lt;/p&gt;
&lt;ul&gt;
&lt;li&gt;True Monolith / &lt;a href="http://laputan.org/mud/"&gt;Big Ball of Mud&lt;/a&gt;,&lt;/li&gt;
&lt;li&gt;(misapplied) Layered Monolith [&lt;a href="https://metapatterns.io/appendices/books-referenced/#fsa"&gt;FSA&lt;/a&gt;],&lt;/li&gt;
&lt;li&gt;(misapplied) Modular Monolith [&lt;a href="https://metapatterns.io/appendices/books-referenced/#fsa"&gt;FSA&lt;/a&gt;] (Modulith),&lt;/li&gt;
&lt;li&gt;(inexact) Plugins [&lt;a href="https://metapatterns.io/appendices/books-referenced/#fsa"&gt;FSA&lt;/a&gt;] and Hexagonal Architecture.&lt;/li&gt;
&lt;/ul&gt;
&lt;p&gt;By mode of action:&lt;/p&gt;
&lt;ul&gt;
&lt;li&gt;&lt;a href="https://www.dre.vanderbilt.edu/~schmidt/PDF/reactor-siemens.pdf"&gt;Reactor&lt;/a&gt; [&lt;a href="https://metapatterns.io/appendices/books-referenced/#posa2"&gt;POSA2&lt;/a&gt;],&lt;/li&gt;
&lt;li&gt;&lt;a href="https://hillside.net/plop/plop97/Proceedings/pyarali.proactor.pdf"&gt;Proactor&lt;/a&gt; [&lt;a href="https://metapatterns.io/appendices/books-referenced/#posa2"&gt;POSA2&lt;/a&gt;],&lt;/li&gt;
&lt;li&gt;(inexact) &lt;a href="https://www.dre.vanderbilt.edu/~schmidt/PDF/PLoP-95.pdf"&gt;Half-Sync/Half-Async&lt;/a&gt; [&lt;a href="https://metapatterns.io/appendices/books-referenced/#posa2"&gt;POSA2&lt;/a&gt;],&lt;/li&gt;
&lt;li&gt;(inexact) &lt;a href="http://ithare.com/multi-coring-and-non-blocking-instead-of-multi-threading-with-a-script/3/"&gt;(Re)Actor-with-Extractors&lt;/a&gt;.&lt;/li&gt;
&lt;/ul&gt;
&lt;p&gt;&lt;ins&gt;Structure:&lt;/ins&gt; A monoblock with no strong internal modularity.&lt;/p&gt;</description></item><item><title>Shards</title><link>https://metapatterns.io/basic-metapatterns/shards/</link><pubDate>Mon, 01 Jan 0001 00:00:00 +0000</pubDate><guid>https://metapatterns.io/basic-metapatterns/shards/</guid><description>&lt;h1 id="shards"&gt;Shards&lt;/h1&gt;
&lt;figure&gt;
&lt;a href="https://metapatterns.io/diagrams/Main/Shards.png"&gt;
&lt;picture&gt;
&lt;source srcset="https://metapatterns.io/diagrams/Main/Shards.svg" media="(prefers-color-scheme: light)"/&gt;
&lt;source srcset="https://metapatterns.io/diagrams/Main/Shards.dark.svg" media="(prefers-color-scheme: dark)"/&gt;
&lt;img src="https://metapatterns.io/diagrams/Main/Shards.png" alt="Shards" loading="lazy" width="942" height="474" style="width:100%"/&gt;
&lt;/picture&gt;
&lt;/a&gt;
&lt;/figure&gt;
&lt;p&gt;&lt;em&gt;Attack of the clones.&lt;/em&gt; Solve scalability in the most straightforward manner.&lt;/p&gt;
&lt;p&gt;&lt;ins&gt;Known as:&lt;/ins&gt; Shards, Instances, Replicas [&lt;a href="https://metapatterns.io/appendices/books-referenced/#dds"&gt;DDS&lt;/a&gt;].&lt;/p&gt;
&lt;p&gt;&lt;ins&gt;Variants:&lt;/ins&gt;&lt;/p&gt;
&lt;p&gt;By isolation:&lt;/p&gt;
&lt;ul&gt;
&lt;li&gt;Multithreading,&lt;/li&gt;
&lt;li&gt;Multiple processes,&lt;/li&gt;
&lt;li&gt;Distributed instances.&lt;/li&gt;
&lt;/ul&gt;
&lt;p&gt;By state:&lt;/p&gt;
&lt;ul&gt;
&lt;li&gt;Persistent slice: &lt;a href="https://learn.microsoft.com/en-us/azure/architecture/patterns/sharding"&gt;Sharding&lt;/a&gt; / Shards [&lt;a href="https://metapatterns.io/appendices/books-referenced/#dds"&gt;DDS&lt;/a&gt;] / Partitions [&lt;a href="https://metapatterns.io/appendices/books-referenced/#ddia"&gt;DDIA&lt;/a&gt;] / Cells (&lt;a href="https://docs.aws.amazon.com/wellarchitected/latest/reducing-scope-of-impact-with-cell-based-architecture/what-is-a-cell-based-architecture.html"&gt;Amazon definition&lt;/a&gt;),&lt;/li&gt;
&lt;li&gt;Persistent copy: Replica [&lt;a href="https://metapatterns.io/appendices/books-referenced/#dds"&gt;DDS&lt;/a&gt;],&lt;/li&gt;
&lt;li&gt;Stateless: Pool [&lt;a href="https://metapatterns.io/appendices/books-referenced/#posa3"&gt;POSA3&lt;/a&gt;] / Instances / Replicated Stateless Services [&lt;a href="https://metapatterns.io/appendices/books-referenced/#dds"&gt;DDS&lt;/a&gt;] / Work Queue [&lt;a href="https://metapatterns.io/appendices/books-referenced/#dds"&gt;DDS&lt;/a&gt;],&lt;/li&gt;
&lt;li&gt;Temporary state: Create on Demand.&lt;/li&gt;
&lt;/ul&gt;
&lt;p&gt;&lt;ins&gt;Structure:&lt;/ins&gt; A set of functionally identical subsystems with little or no intercommunication.&lt;/p&gt;</description></item><item><title>Layers</title><link>https://metapatterns.io/basic-metapatterns/layers/</link><pubDate>Mon, 01 Jan 0001 00:00:00 +0000</pubDate><guid>https://metapatterns.io/basic-metapatterns/layers/</guid><description>&lt;h1 id="layers"&gt;Layers&lt;/h1&gt;
&lt;figure&gt;
&lt;a href="https://metapatterns.io/diagrams/Main/Layers.png"&gt;
&lt;picture&gt;
&lt;source srcset="https://metapatterns.io/diagrams/Main/Layers.svg" media="(prefers-color-scheme: light)"/&gt;
&lt;source srcset="https://metapatterns.io/diagrams/Main/Layers.dark.svg" media="(prefers-color-scheme: dark)"/&gt;
&lt;img src="https://metapatterns.io/diagrams/Main/Layers.png" alt="Layers" loading="lazy" width="942" height="494" style="width:100%"/&gt;
&lt;/picture&gt;
&lt;/a&gt;
&lt;/figure&gt;
&lt;p&gt;&lt;em&gt;Yet another layer of indirection.&lt;/em&gt; Don’t mix the business logic and implementation details.&lt;/p&gt;
&lt;p&gt;&lt;ins&gt;Known as:&lt;/ins&gt; Layers [&lt;a href="https://metapatterns.io/appendices/books-referenced/#posa1"&gt;POSA1&lt;/a&gt;, &lt;a href="https://metapatterns.io/appendices/books-referenced/#posa4"&gt;POSA4&lt;/a&gt;], Layered Architecture [&lt;a href="https://metapatterns.io/appendices/books-referenced/#sap"&gt;SAP&lt;/a&gt;, &lt;a href="https://metapatterns.io/appendices/books-referenced/#fsa"&gt;FSA&lt;/a&gt;, &lt;a href="https://metapatterns.io/appendices/books-referenced/#lddd"&gt;LDDD&lt;/a&gt;], Multitier Architecture, and N-tier Architecture [&lt;a href="https://metapatterns.io/appendices/books-referenced/#lddd"&gt;LDDD&lt;/a&gt;].&lt;/p&gt;
&lt;p&gt;&lt;ins&gt;Variants:&lt;/ins&gt; Open or closed, the number of layers.&lt;/p&gt;
&lt;p&gt;By isolation:&lt;/p&gt;
&lt;ul&gt;
&lt;li&gt;Synchronous layers / Layered Monolith [&lt;a href="https://metapatterns.io/appendices/books-referenced/#fsa"&gt;FSA&lt;/a&gt;],&lt;/li&gt;
&lt;li&gt;Asynchronous layers,&lt;/li&gt;
&lt;li&gt;A process per layer,&lt;/li&gt;
&lt;li&gt;Distributed tiers.&lt;/li&gt;
&lt;/ul&gt;
&lt;p&gt;Examples:&lt;/p&gt;
&lt;ul&gt;
&lt;li&gt;Domain-Driven Design (DDD) Layers [&lt;a href="https://metapatterns.io/appendices/books-referenced/#ddd"&gt;DDD&lt;/a&gt;],&lt;/li&gt;
&lt;li&gt;Three-Tier Architecture,&lt;/li&gt;
&lt;li&gt;Embedded Systems.&lt;/li&gt;
&lt;/ul&gt;
&lt;p&gt;&lt;ins&gt;Structure:&lt;/ins&gt; A component per level of abstractness.&lt;/p&gt;</description></item><item><title>Services</title><link>https://metapatterns.io/basic-metapatterns/services/</link><pubDate>Mon, 01 Jan 0001 00:00:00 +0000</pubDate><guid>https://metapatterns.io/basic-metapatterns/services/</guid><description>&lt;h1 id="services"&gt;Services&lt;/h1&gt;
&lt;figure&gt;
&lt;a href="https://metapatterns.io/diagrams/Main/Services.png"&gt;
&lt;picture&gt;
&lt;source srcset="https://metapatterns.io/diagrams/Main/Services.svg" media="(prefers-color-scheme: light)"/&gt;
&lt;source srcset="https://metapatterns.io/diagrams/Main/Services.dark.svg" media="(prefers-color-scheme: dark)"/&gt;
&lt;img src="https://metapatterns.io/diagrams/Main/Services.png" alt="Services" loading="lazy" width="1062" height="454" style="width:100%"/&gt;
&lt;/picture&gt;
&lt;/a&gt;
&lt;/figure&gt;
&lt;p&gt;&lt;em&gt;Divide and conquer.&lt;/em&gt; Gain flexibility through decoupling subdomains.&lt;/p&gt;
&lt;p&gt;&lt;ins&gt;Known as:&lt;/ins&gt; Services, Domain Services [&lt;a href="https://metapatterns.io/appendices/books-referenced/#fsa"&gt;FSA&lt;/a&gt; and &lt;a href="https://metapatterns.io/appendices/books-referenced/#sahp"&gt;SAHP&lt;/a&gt;, but &lt;a href="https://metapatterns.io/analytics/ambiguous-patterns/#domain-services"&gt;not&lt;/a&gt; &lt;a href="https://metapatterns.io/appendices/books-referenced/#ddd"&gt;DDD&lt;/a&gt;].&lt;/p&gt;
&lt;p&gt;&lt;ins&gt;Variants:&lt;/ins&gt; &lt;a href="https://metapatterns.io/basic-metapatterns/pipeline/"&gt;&lt;em&gt;Pipeline&lt;/em&gt;&lt;/a&gt; has a dedicated chapter. Many modifications are listed in the &lt;a href="#evolutions"&gt;Evolutions section&lt;/a&gt;.&lt;/p&gt;
&lt;p&gt;By isolation:&lt;/p&gt;
&lt;ul&gt;
&lt;li&gt;Synchronous modules: &lt;a href="https://medium.com/design-microservices-architecture-with-patterns/microservices-killer-modular-monolithic-architecture-ac83814f6862"&gt;Modular Monolith&lt;/a&gt; [&lt;a href="https://metapatterns.io/appendices/books-referenced/#fsa"&gt;FSA&lt;/a&gt;] (Modulith),&lt;/li&gt;
&lt;li&gt;Asynchronous modules: &lt;a href="https://medium.com/design-microservices-architecture-with-patterns/microservices-killer-modular-monolithic-architecture-ac83814f6862"&gt;Modular Monolith&lt;/a&gt; (Modulith) / &lt;a href="https://medium.com/itnext/introduction-to-software-architecture-with-actors-part-1-89de6000e0d3"&gt;Embedded Actors&lt;/a&gt;,&lt;/li&gt;
&lt;li&gt;Multiple processes,&lt;/li&gt;
&lt;li&gt;Distributed runtime: &lt;a href="https://www.bmc.com/blogs/serverless-faas/"&gt;Function as a Service&lt;/a&gt; (FaaS) (including &lt;a href="https://medium.com/@ido.vapner/unlocking-the-power-of-nano-services-a-new-era-in-microservices-architecture-22647ea36f22"&gt;Nanoservices&lt;/a&gt;) / &lt;a href="https://volodymyrpavlyshyn.medium.com/actors-actor-systems-as-massively-distributed-scalability-architecture-5e40f5ea9e86"&gt;Backend Actors&lt;/a&gt;,&lt;/li&gt;
&lt;li&gt;Distributed services: Service-Based Architecture [&lt;a href="https://metapatterns.io/appendices/books-referenced/#fsa"&gt;FSA&lt;/a&gt;] / Space-Based Architecture [&lt;a href="https://metapatterns.io/appendices/books-referenced/#fsa"&gt;FSA&lt;/a&gt;] / Microservices.&lt;/li&gt;
&lt;/ul&gt;
&lt;p&gt;By communication:&lt;/p&gt;
&lt;ul&gt;
&lt;li&gt;Direct method calls,&lt;/li&gt;
&lt;li&gt;&lt;a href="https://en.wikipedia.org/wiki/Remote_procedure_call"&gt;RPC&lt;/a&gt;s and commands (request/confirm pairs),&lt;/li&gt;
&lt;li&gt;Notifications (pub/sub) and shared data,&lt;/li&gt;
&lt;li&gt;(inexact) No communication.&lt;/li&gt;
&lt;/ul&gt;
&lt;p&gt;By size:&lt;/p&gt;</description></item><item><title>Pipeline</title><link>https://metapatterns.io/basic-metapatterns/pipeline/</link><pubDate>Mon, 01 Jan 0001 00:00:00 +0000</pubDate><guid>https://metapatterns.io/basic-metapatterns/pipeline/</guid><description>&lt;h1 id="pipeline"&gt;Pipeline&lt;/h1&gt;
&lt;figure&gt;
&lt;a href="https://metapatterns.io/diagrams/Main/Pipeline.png"&gt;
&lt;picture&gt;
&lt;source srcset="https://metapatterns.io/diagrams/Main/Pipeline.svg" media="(prefers-color-scheme: light)"/&gt;
&lt;source srcset="https://metapatterns.io/diagrams/Main/Pipeline.dark.svg" media="(prefers-color-scheme: dark)"/&gt;
&lt;img src="https://metapatterns.io/diagrams/Main/Pipeline.png" alt="Pipeline" loading="lazy" width="1182" height="434" style="width:100%"/&gt;
&lt;/picture&gt;
&lt;/a&gt;
&lt;/figure&gt;
&lt;p&gt;&lt;em&gt;Never return.&lt;/em&gt; Push your data through a chain of processors.&lt;/p&gt;
&lt;p&gt;&lt;ins&gt;Known as:&lt;/ins&gt; Pipeline [&lt;a href="https://metapatterns.io/appendices/books-referenced/#dds"&gt;DDS&lt;/a&gt;].&lt;/p&gt;
&lt;p&gt;&lt;ins&gt;Variants:&lt;/ins&gt;&lt;/p&gt;
&lt;p&gt;By scheduling:&lt;/p&gt;
&lt;ul&gt;
&lt;li&gt;Stream processing [&lt;a href="https://metapatterns.io/appendices/books-referenced/#ddia"&gt;DDIA&lt;/a&gt;] / Nearline system [&lt;a href="https://metapatterns.io/appendices/books-referenced/#ddia"&gt;DDIA&lt;/a&gt;],&lt;/li&gt;
&lt;li&gt;Batch processing [&lt;a href="https://metapatterns.io/appendices/books-referenced/#ddia"&gt;DDIA&lt;/a&gt;, &lt;a href="https://metapatterns.io/appendices/books-referenced/#dds"&gt;DDS&lt;/a&gt;] / Offline system [&lt;a href="https://metapatterns.io/appendices/books-referenced/#ddia"&gt;DDIA&lt;/a&gt;].&lt;/li&gt;
&lt;/ul&gt;
&lt;p&gt;Examples:&lt;/p&gt;
&lt;ul&gt;
&lt;li&gt;Pipes and Filters [&lt;a href="https://metapatterns.io/appendices/books-referenced/#posa1"&gt;POSA1&lt;/a&gt;, &lt;a href="https://metapatterns.io/appendices/books-referenced/#posa4"&gt;POSA4&lt;/a&gt;, &lt;a href="https://metapatterns.io/appendices/books-referenced/#eip"&gt;EIP&lt;/a&gt;] / Workflow System [&lt;a href="https://metapatterns.io/appendices/books-referenced/#dds"&gt;DDS&lt;/a&gt;, &lt;a href="https://metapatterns.io/appendices/books-referenced/#ddia"&gt;DDIA&lt;/a&gt;],&lt;/li&gt;
&lt;li&gt;Choreographed (Broker Topology) Event-Driven Architecture (EDA) [&lt;a href="https://metapatterns.io/appendices/books-referenced/#sap"&gt;SAP&lt;/a&gt;, &lt;a href="https://metapatterns.io/appendices/books-referenced/#fsa"&gt;FSA&lt;/a&gt;, &lt;a href="https://metapatterns.io/appendices/books-referenced/#dds"&gt;DDS&lt;/a&gt;] / &lt;a href="https://martinfowler.com/eaaDev/EventCollaboration.html"&gt;Event Collaboration&lt;/a&gt; [&lt;a href="https://metapatterns.io/appendices/books-referenced/#deds"&gt;DEDS&lt;/a&gt;],&lt;/li&gt;
&lt;li&gt;&lt;a href="https://martinfowler.com/articles/data-mesh-principles.html"&gt;Data Mesh&lt;/a&gt; [&lt;a href="https://metapatterns.io/appendices/books-referenced/#lddd"&gt;LDDD&lt;/a&gt;, &lt;a href="https://metapatterns.io/appendices/books-referenced/#sahp"&gt;SAHP&lt;/a&gt;],&lt;/li&gt;
&lt;li&gt;&lt;a href="https://en.wikipedia.org/wiki/Function_as_a_service"&gt;Function as a Service&lt;/a&gt; (FaaS) [&lt;a href="https://metapatterns.io/appendices/books-referenced/#dds"&gt;DDS&lt;/a&gt;] / &lt;a href="https://increment.com/software-architecture/the-rise-of-nanoservices/"&gt;Nanoservices&lt;/a&gt; (pipelined).&lt;/li&gt;
&lt;/ul&gt;
&lt;p&gt;&lt;ins&gt;Structure:&lt;/ins&gt; A component per step of data processing.&lt;/p&gt;</description></item></channel></rss>